column,confusion_matrix_false_negative,confusion_matrix_false_positive,confusion_matrix_true_negative,confusion_matrix_true_positive,f1_score,false_negative,false_positive,injected_cells,model_name,pr_auc,precision,recall,roc_auc,split,threshold,true_negative,true_positive
__all__,,,,,0.49662832209440705,5218,10010,12730,modern_tcn,0.35477127720323215,0.42871818285583835,0.590102120974077,0.8087479715620379,validation,27.90303543587473,104556,7512
in_medium_temp1,1,0,4350,545,0.999083409715857,5218,10010,12730,modern_tcn,1.0,1.0,0.9981684981684982,1.0,validation,27.90303543587473,104556,7512
in_medium_temp2,27,0,4403,466,0.9718456725755996,5218,10010,12730,modern_tcn,1.0,1.0,0.9452332657200812,1.0,validation,27.90303543587473,104556,7512
in_temp,0,0,4440,456,1.0,5218,10010,12730,modern_tcn,1.0,1.0,1.0,1.0,validation,27.90303543587473,104556,7512
in_temp2,0,0,4414,482,1.0,5218,10010,12730,modern_tcn,1.0,1.0,1.0,1.0,validation,27.90303543587473,104556,7512
in_water_hot,63,11,4405,417,0.9185022026431718,5218,10010,12730,modern_tcn,0.9863851130250605,0.9742990654205608,0.86875,0.998245018115942,validation,27.90303543587473,104556,7512
in_water_cold,155,0,4416,325,0.8074534161490683,5218,10010,12730,modern_tcn,1.0,1.0,0.6770833333333334,1.0,validation,27.90303543587473,104556,7512
in_hum,0,53,4360,483,0.9479882237487733,5218,10010,12730,modern_tcn,1.0,0.9011194029850746,1.0,1.0,validation,27.90303543587473,104556,7512
in_hum2,0,93,4306,497,0.9144434222631095,5218,10010,12730,modern_tcn,1.0,0.8423728813559322,1.0,1.0,validation,27.90303543587473,104556,7512
in_medium_hum1,43,0,4393,460,0.9553478712357216,5218,10010,12730,modern_tcn,1.0,1.0,0.9145129224652088,1.0,validation,27.90303543587473,104556,7512
in_medium_hum2,1,0,4423,472,0.9989417989417989,5218,10010,12730,modern_tcn,1.0,1.0,0.9978858350951374,1.0,validation,27.90303543587473,104556,7512
in_co2,0,867,3541,488,0.5295713510580575,5218,10010,12730,modern_tcn,1.0,0.36014760147601477,1.0,1.0,validation,27.90303543587473,104556,7512
in_co2_2,0,1189,3232,475,0.44413277232351567,5218,10010,12730,modern_tcn,0.9999035081777904,0.2854567307692308,1.0,0.9999895236848058,validation,27.90303543587473,104556,7512
in_medium_ec1,512,0,4384,0,0.0,5218,10010,12730,modern_tcn,0.6833938135705896,0.0,0.0,0.9339724352760036,validation,27.90303543587473,104556,7512
in_medium_ec2,516,0,4380,0,0.0,5218,10010,12730,modern_tcn,0.9920707562189087,0.0,0.0,0.99870358571378,validation,27.90303543587473,104556,7512
etc_blackout,487,0,4409,0,0.0,5218,10010,12730,modern_tcn,0.9999999999999999,0.0,0.0,1.0,validation,27.90303543587473,104556,7512
etc_plc_abnorm,481,0,4415,0,0.0,5218,10010,12730,modern_tcn,1.0,0.0,0.0,1.0,validation,27.90303543587473,104556,7512
etc_plc_norm,508,0,4388,0,0.0,5218,10010,12730,modern_tcn,1.0,0.0,0.0,1.0,validation,27.90303543587473,104556,7512
out_temp,440,21,4435,0,0.0,5218,10010,12730,modern_tcn,0.10008059714654065,0.0,0.0,0.5453591684347968,validation,27.90303543587473,104556,7512
out_hum,0,324,4111,461,0.739967897271268,5218,10010,12730,modern_tcn,1.0,0.5872611464968153,1.0,1.0,validation,27.90303543587473,104556,7512
out_winddirec,0,3468,957,471,0.21360544217687075,5218,10010,12730,modern_tcn,0.974979556906093,0.11957349581111958,1.0,0.9965751436419686,validation,27.90303543587473,104556,7512
out_windsp,475,0,4421,0,0.0,5218,10010,12730,modern_tcn,0.9995015373072358,0.0,0.0,0.9999438088548673,validation,27.90303543587473,104556,7512
out_light,0,3984,359,553,0.2172888015717092,5218,10010,12730,modern_tcn,0.9999999999999999,0.12188670927925942,1.0,1.0,validation,27.90303543587473,104556,7512
out_light_sum,497,0,4399,0,0.0,5218,10010,12730,modern_tcn,1.0,0.0,0.0,1.0,validation,27.90303543587473,104556,7512
out_rainfall,493,0,4403,0,0.0,5218,10010,12730,modern_tcn,0.10612567588679898,0.0,0.0,0.5160915086938235,validation,27.90303543587473,104556,7512
out_rain,483,0,4413,0,0.0,5218,10010,12730,modern_tcn,0.9717481517164733,0.0,0.0,0.9954655898556823,validation,27.90303543587473,104556,7512
out_airpress,36,0,4399,461,0.9624217118997912,5218,10010,12730,modern_tcn,1.0,1.0,0.9275653923541247,1.0,validation,27.90303543587473,104556,7512
__all__,,,,,0.4680447787715453,6325,11637,14227,modern_tcn,0.33946365156975933,0.4044219253800092,0.5554227876572714,0.8199262745901901,test,27.90303543587473,116408,7902
in_medium_temp1,4,0,4904,564,0.9964664310954063,6325,11637,14227,modern_tcn,1.0,1.0,0.9929577464788732,1.0,test,27.90303543587473,116408,7902
in_medium_temp2,48,0,4923,501,0.9542857142857144,6325,11637,14227,modern_tcn,1.0,1.0,0.912568306010929,1.0,test,27.90303543587473,116408,7902
in_temp,0,0,4916,556,1.0,6325,11637,14227,modern_tcn,1.0,1.0,1.0,1.0,test,27.90303543587473,116408,7902
in_temp2,0,0,4917,555,1.0,6325,11637,14227,modern_tcn,1.0,1.0,1.0,1.0,test,27.90303543587473,116408,7902
in_water_hot,40,22,4914,496,0.9411764705882354,6325,11637,14227,modern_tcn,0.9862198959603662,0.9575289575289575,0.9253731343283582,0.9975152096083602,test,27.90303543587473,116408,7902
in_water_cold,342,0,4917,213,0.5546875,6325,11637,14227,modern_tcn,1.0,1.0,0.3837837837837838,1.0,test,27.90303543587473,116408,7902
in_hum,0,28,4886,558,0.9755244755244755,6325,11637,14227,modern_tcn,1.0,0.9522184300341296,1.0,1.0,test,27.90303543587473,116408,7902
in_hum2,0,81,4883,508,0.92616226071103,6325,11637,14227,modern_tcn,1.0,0.8624787775891342,1.0,1.0,test,27.90303543587473,116408,7902
in_medium_hum1,21,1,4903,547,0.9802867383512546,6325,11637,14227,modern_tcn,0.9997188510151067,0.9981751824817519,0.9630281690140845,0.9999662534751741,test,27.90303543587473,116408,7902
in_medium_hum2,425,0,4929,118,0.35703479576399394,6325,11637,14227,modern_tcn,0.9809626912849734,1.0,0.21731123388581952,0.9959726458248566,test,27.90303543587473,116408,7902
in_co2,0,982,3983,507,0.5080160320641282,6325,11637,14227,modern_tcn,0.9998984711420669,0.3404969778374748,1.0,0.9999896712887649,test,27.90303543587473,116408,7902
in_co2_2,0,1402,3538,532,0.43146796431467965,6325,11637,14227,modern_tcn,0.9997069020407212,0.2750775594622544,1.0,0.9999668959849015,test,27.90303543587473,116408,7902
in_medium_ec1,550,0,4922,0,0.0,6325,11637,14227,modern_tcn,0.7810362857875082,0.0,0.0,0.952073436518784,test,27.90303543587473,116408,7902
in_medium_ec2,557,0,4915,0,0.0,6325,11637,14227,modern_tcn,0.9963117496222021,0.0,0.0,0.9994937272958061,test,27.90303543587473,116408,7902
etc_blackout,543,0,4929,0,0.0,6325,11637,14227,modern_tcn,1.0,0.0,0.0,1.0,test,27.90303543587473,116408,7902
etc_plc_abnorm,523,0,4949,0,0.0,6325,11637,14227,modern_tcn,1.0,0.0,0.0,1.0,test,27.90303543587473,116408,7902
etc_plc_norm,534,0,4938,0,0.0,6325,11637,14227,modern_tcn,1.0,0.0,0.0,1.0,test,27.90303543587473,116408,7902
out_temp,529,188,4740,15,0.04016064257028113,6325,11637,14227,modern_tcn,0.0723358214865111,0.07389162561576355,0.027573529411764705,0.3501804663626814,test,27.90303543587473,116408,7902
out_hum,0,324,4612,536,0.7679083094555873,6325,11637,14227,modern_tcn,0.9999930385265345,0.6232558139534884,1.0,0.9999992440552505,test,27.90303543587473,116408,7902
out_winddirec,0,4046,858,568,0.21922037823234272,6325,11637,14227,modern_tcn,0.9347829287032333,0.12310359774599046,1.0,0.98923808963077,test,27.90303543587473,116408,7902
out_windsp,539,0,4933,0,0.0,6325,11637,14227,modern_tcn,0.986998631224137,0.0,0.0,0.9981371904860944,test,27.90303543587473,116408,7902
out_light,0,4561,332,579,0.2024829515649589,6325,11637,14227,modern_tcn,0.999988104171083,0.11264591439688716,1.0,0.9999985880926084,test,27.90303543587473,116408,7902
out_light_sum,555,0,4917,0,0.0,6325,11637,14227,modern_tcn,1.0,0.0,0.0,1.0,test,27.90303543587473,116408,7902
out_rainfall,545,2,4925,0,0.0,6325,11637,14227,modern_tcn,0.9413291987344077,0.0,0.0,0.9982154129185187,test,27.90303543587473,116408,7902
out_rain,539,0,4933,0,0.0,6325,11637,14227,modern_tcn,0.9909560816433769,0.0,0.0,0.9987412026159818,test,27.90303543587473,116408,7902
out_airpress,31,0,4892,549,0.9725420726306466,6325,11637,14227,modern_tcn,1.0,1.0,0.946551724137931,1.0,test,27.90303543587473,116408,7902
__all__,,,,,0.4841573867854492,4578,12793,12730,timesnet,0.35658782092653246,0.3892098352828837,0.6403770620581304,0.8102435690255979,validation,31.030568199512874,101773,8152
in_medium_temp1,0,0,4350,546,1.0,4578,12793,12730,timesnet,1.0,1.0,1.0,1.0,validation,31.030568199512874,101773,8152
in_medium_temp2,18,0,4403,475,0.9814049586776858,4578,12793,12730,timesnet,0.999918209276873,1.0,0.9634888438133874,0.9999907862931369,validation,31.030568199512874,101773,8152
in_temp,2,0,4440,454,0.9978021978021978,4578,12793,12730,timesnet,1.0,1.0,0.9956140350877193,1.0,validation,31.030568199512874,101773,8152
in_temp2,28,0,4414,454,0.9700854700854701,4578,12793,12730,timesnet,1.0,1.0,0.941908713692946,1.0,validation,31.030568199512874,101773,8152
in_water_hot,2,232,4184,478,0.8033613445378152,4578,12793,12730,timesnet,0.987547246549244,0.6732394366197183,0.9958333333333333,0.9983903230676329,validation,31.030568199512874,101773,8152
in_water_cold,12,3,4413,468,0.9842271293375395,4578,12793,12730,timesnet,0.9995425914612077,0.9936305732484076,0.975,0.9999495206823672,validation,31.030568199512874,101773,8152
in_hum,0,334,4079,483,0.7430769230769231,4578,12793,12730,timesnet,0.9999914534754191,0.591187270501836,1.0,0.9999990616843984,validation,31.030568199512874,101773,8152
in_hum2,0,374,4025,497,0.7266081871345029,4578,12793,12730,timesnet,0.9999314132131417,0.5706084959816303,1.0,0.9999922243165746,validation,31.030568199512874,101773,8152
in_medium_hum1,7,3,4390,496,0.9900199600798404,4578,12793,12730,timesnet,0.9997100130002821,0.9939879759519038,0.9860834990059643,0.9999669635272815,validation,31.030568199512874,101773,8152
in_medium_hum2,2,39,4384,471,0.9582909460834181,4578,12793,12730,timesnet,0.9959377637110818,0.9235294117647059,0.9957716701902748,0.9995478182229256,validation,31.030568199512874,101773,8152
in_co2,0,1387,3021,488,0.41303427845958524,4578,12793,12730,timesnet,0.9999663627586282,0.26026666666666665,1.0,0.9999962809794413,validation,31.030568199512874,101773,8152
in_co2_2,0,1667,2754,475,0.36301108139090554,4578,12793,12730,timesnet,0.9979278887276899,0.22175536881419233,1.0,0.9997685686734366,validation,31.030568199512874,101773,8152
in_medium_ec1,512,0,4384,0,0.0,4578,12793,12730,timesnet,0.8822044893560507,0.0,0.0,0.9765255224965784,validation,31.030568199512874,101773,8152
in_medium_ec2,516,0,4380,0,0.0,4578,12793,12730,timesnet,0.7437304724284356,0.0,0.0,0.9399782308590846,validation,31.030568199512874,101773,8152
etc_blackout,487,0,4409,0,0.0,4578,12793,12730,timesnet,0.9999999999999999,0.0,0.0,1.0,validation,31.030568199512874,101773,8152
etc_plc_abnorm,481,0,4415,0,0.0,4578,12793,12730,timesnet,1.0,0.0,0.0,1.0,validation,31.030568199512874,101773,8152
etc_plc_norm,508,0,4388,0,0.0,4578,12793,12730,timesnet,0.9955154913202141,0.0,0.0,0.9994697421026565,validation,31.030568199512874,101773,8152
out_temp,50,73,4383,390,0.8637873754152824,4578,12793,12730,timesnet,0.941307342846555,0.8423326133909287,0.8863636363636364,0.9900614085196671,validation,31.030568199512874,101773,8152
out_hum,0,1125,3310,461,0.45041524181729364,4578,12793,12730,timesnet,1.0,0.2906683480453972,1.0,1.0,validation,31.030568199512874,101773,8152
out_winddirec,0,3475,950,471,0.21326692325107538,4578,12793,12730,timesnet,1.0,0.1193613786112519,1.0,1.0,validation,31.030568199512874,101773,8152
out_windsp,475,0,4421,0,0.0,4578,12793,12730,timesnet,0.9999911636286425,0.0,0.0,0.9999990476077096,validation,31.030568199512874,101773,8152
out_light,0,4081,262,553,0.21322537112010795,4578,12793,12730,timesnet,0.9998663471362874,0.11933534743202417,1.0,0.9999829286095269,validation,31.030568199512874,101773,8152
out_light_sum,497,0,4399,0,0.0,4578,12793,12730,timesnet,1.0,0.0,0.0,1.0,validation,31.030568199512874,101773,8152
out_rainfall,493,0,4403,0,0.0,4578,12793,12730,timesnet,0.19606718079402188,0.0,0.0,0.6847972454701962,validation,31.030568199512874,101773,8152
out_rain,483,0,4413,0,0.0,4578,12793,12730,timesnet,0.9911858610998663,0.0,0.0,0.9991855420578857,validation,31.030568199512874,101773,8152
out_airpress,5,0,4399,492,0.9949443882709809,4578,12793,12730,timesnet,0.9999678067766598,1.0,0.9899396378269618,0.9999963408548587,validation,31.030568199512874,101773,8152
__all__,,,,,0.4793514997887621,5150,14568,14227,timesnet,0.3549871443521182,0.3838866567984775,0.6380122302663949,0.8266128647580244,test,31.030568199512874,113477,9077
in_medium_temp1,0,0,4904,568,1.0,5150,14568,14227,timesnet,1.0,1.0,1.0,1.0,test,31.030568199512874,113477,9077
in_medium_temp2,29,1,4922,520,0.9719626168224298,5150,14568,14227,timesnet,0.9982678793070964,0.9980806142034548,0.9471766848816029,0.9997913218760164,test,31.030568199512874,113477,9077
in_temp,0,0,4916,556,1.0,5150,14568,14227,timesnet,1.0,1.0,1.0,1.0,test,31.030568199512874,113477,9077
in_temp2,2,0,4917,553,0.9981949458483754,5150,14568,14227,timesnet,1.0,1.0,0.9963963963963964,1.0,test,31.030568199512874,113477,9077
in_water_hot,0,294,4642,536,0.7847730600292825,5150,14568,14227,timesnet,0.9953699580967595,0.6457831325301204,1.0,0.9994269938798713,test,31.030568199512874,113477,9077
in_water_cold,13,14,4903,542,0.9756975697569759,5150,14568,14227,timesnet,0.997616721458952,0.9748201438848921,0.9765765765765766,0.9996969513748037,test,31.030568199512874,113477,9077
in_hum,0,370,4544,558,0.7510094212651414,5150,14568,14227,timesnet,0.9999096201295458,0.6012931034482759,1.0,0.9999894238245493,test,31.030568199512874,113477,9077
in_hum2,0,415,4549,508,0.7099930118798043,5150,14568,14227,timesnet,0.9983600712444278,0.5503791982665223,1.0,0.9997933943289321,test,31.030568199512874,113477,9077
in_medium_hum1,5,6,4898,563,0.990325417766051,5150,14568,14227,timesnet,0.9992564883818311,0.9894551845342706,0.9911971830985915,0.9999145566711853,test,31.030568199512874,113477,9077
in_medium_hum2,135,79,4850,408,0.7922330097087379,5150,14568,14227,timesnet,0.8739919416624206,0.837782340862423,0.7513812154696132,0.9802226608634507,test,31.030568199512874,113477,9077
in_co2,0,1390,3575,507,0.4217970049916806,5150,14568,14227,timesnet,0.9998070519094078,0.2672641012124407,1.0,0.9999801370937788,test,31.030568199512874,113477,9077
in_co2_2,0,1807,3133,532,0.3706025774991292,5150,14568,14227,timesnet,0.9975076043661462,0.2274476271911073,1.0,0.9997229916897507,test,31.030568199512874,113477,9077
in_medium_ec1,550,0,4922,0,0.0,5150,14568,14227,timesnet,0.805999333304274,0.0,0.0,0.9662350855158657,test,31.030568199512874,113477,9077
in_medium_ec2,557,0,4915,0,0.0,5150,14568,14227,timesnet,0.9902490494919072,0.0,0.0,0.998534877477257,test,31.030568199512874,113477,9077
etc_blackout,543,0,4929,0,0.0,5150,14568,14227,timesnet,1.0,0.0,0.0,1.0,test,31.030568199512874,113477,9077
etc_plc_abnorm,523,0,4949,0,0.0,5150,14568,14227,timesnet,1.0,0.0,0.0,1.0,test,31.030568199512874,113477,9077
etc_plc_norm,534,0,4938,0,0.0,5150,14568,14227,timesnet,0.997452306636058,0.0,0.0,0.9997208835249983,test,31.030568199512874,113477,9077
out_temp,71,118,4810,473,0.8334801762114539,5150,14568,14227,timesnet,0.9147967883849716,0.8003384094754653,0.8694852941176471,0.9860998376623377,test,31.030568199512874,113477,9077
out_hum,0,1354,3582,536,0.4418796372629843,5150,14568,14227,timesnet,0.9999825473682374,0.28359788359788357,1.0,0.9999981101381262,test,31.030568199512874,113477,9077
out_winddirec,0,4104,800,568,0.216793893129771,5150,14568,14227,timesnet,1.0,0.12157534246575342,1.0,1.0,test,31.030568199512874,113477,9077
out_windsp,539,0,4933,0,0.0,5150,14568,14227,timesnet,0.9981095063595183,0.0,0.0,0.9998694942658338,test,31.030568199512874,113477,9077
out_light,0,4613,280,579,0.2006584647374805,5150,14568,14227,timesnet,0.9989872836831424,0.11151771956856703,1.0,0.999871516427366,test,31.030568199512874,113477,9077
out_light_sum,555,0,4917,0,0.0,5150,14568,14227,timesnet,1.0,0.0,0.0,1.0,test,31.030568199512874,113477,9077
out_rainfall,545,2,4925,0,0.0,5150,14568,14227,timesnet,0.9516335649318568,0.0,0.0,0.997411752876399,test,31.030568199512874,113477,9077
out_rain,539,0,4933,0,0.0,5150,14568,14227,timesnet,0.999253163177627,0.0,0.0,0.9999206434872937,test,31.030568199512874,113477,9077
out_airpress,10,1,4891,570,0.9904430929626412,5150,14568,14227,timesnet,0.9998400353552953,0.9982486865148862,0.9827586206896551,0.9999813206642795,test,31.030568199512874,113477,9077
__all__,,,,,0.5498468393205235,4832,8100,12730,patch_tst,0.424452720089136,0.49368671083885485,0.6204241948153967,0.8467221458696976,validation,27.90303543587473,106466,7898
in_medium_temp1,3,0,4350,543,0.9972451790633609,4832,8100,12730,patch_tst,1.0,1.0,0.9945054945054945,1.0,validation,27.90303543587473,106466,7898
in_medium_temp2,39,0,4403,454,0.9588173178458289,4832,8100,12730,patch_tst,1.0,1.0,0.920892494929006,1.0,validation,27.90303543587473,106466,7898
in_temp,0,0,4440,456,1.0,4832,8100,12730,patch_tst,1.0,1.0,1.0,1.0,validation,27.90303543587473,106466,7898
in_temp2,0,0,4414,482,1.0,4832,8100,12730,patch_tst,1.0,1.0,1.0,1.0,validation,27.90303543587473,106466,7898
in_water_hot,15,0,4416,465,0.9841269841269841,4832,8100,12730,patch_tst,0.9991841119468771,1.0,0.96875,0.9999042308272947,validation,27.90303543587473,106466,7898
in_water_cold,12,0,4416,468,0.9873417721518987,4832,8100,12730,patch_tst,1.0,1.0,0.975,1.0,validation,27.90303543587473,106466,7898
in_hum,0,51,4362,483,0.9498525073746312,4832,8100,12730,patch_tst,1.0,0.9044943820224719,1.0,1.0,validation,27.90303543587473,106466,7898
in_hum2,0,82,4317,497,0.9237918215613382,4832,8100,12730,patch_tst,1.0,0.8583765112262521,1.0,1.0,validation,27.90303543587473,106466,7898
in_medium_hum1,40,0,4393,463,0.958592132505176,4832,8100,12730,patch_tst,1.0,1.0,0.9204771371769384,1.0,validation,27.90303543587473,106466,7898
in_medium_hum2,0,0,4423,473,1.0,4832,8100,12730,patch_tst,1.0,1.0,1.0,1.0,validation,27.90303543587473,106466,7898
in_co2,0,581,3827,488,0.6268464996788696,4832,8100,12730,patch_tst,1.0,0.45650140318054255,1.0,1.0,validation,27.90303543587473,106466,7898
in_co2_2,0,614,3807,475,0.6074168797953964,4832,8100,12730,patch_tst,0.9999646168773609,0.4361799816345271,1.0,0.9999961904308384,validation,27.90303543587473,106466,7898
in_medium_ec1,512,0,4384,0,0.0,4832,8100,12730,patch_tst,0.9999401129984749,0.0,0.0,0.9999928718065694,validation,27.90303543587473,106466,7898
in_medium_ec2,516,0,4380,0,0.0,4832,8100,12730,patch_tst,0.9999737638006821,0.0,0.0,0.9999969027645039,validation,27.90303543587473,106466,7898
etc_blackout,487,0,4409,0,0.0,4832,8100,12730,patch_tst,0.9999999999999999,0.0,0.0,1.0,validation,27.90303543587473,106466,7898
etc_plc_abnorm,481,0,4415,0,0.0,4832,8100,12730,patch_tst,1.0,0.0,0.0,1.0,validation,27.90303543587473,106466,7898
etc_plc_norm,508,0,4388,0,0.0,4832,8100,12730,patch_tst,1.0,0.0,0.0,1.0,validation,27.90303543587473,106466,7898
out_temp,143,0,4456,297,0.8059701492537313,4832,8100,12730,patch_tst,1.0,1.0,0.675,1.0,validation,27.90303543587473,106466,7898
out_hum,0,195,4240,461,0.8254252461951657,4832,8100,12730,patch_tst,1.0,0.7027439024390244,1.0,1.0,validation,27.90303543587473,106466,7898
out_winddirec,0,2954,1471,471,0.2417864476386037,4832,8100,12730,patch_tst,1.0,0.1375182481751825,1.0,1.0,validation,27.90303543587473,106466,7898
out_windsp,475,0,4421,0,0.0,4832,8100,12730,patch_tst,1.0,0.0,0.0,1.0,validation,27.90303543587473,106466,7898
out_light,0,3623,720,553,0.23387608373863397,4832,8100,12730,patch_tst,0.9999999999999999,0.13242337164750959,1.0,1.0,validation,27.90303543587473,106466,7898
out_light_sum,497,0,4399,0,0.0,4832,8100,12730,patch_tst,1.0,0.0,0.0,1.0,validation,27.90303543587473,106466,7898
out_rainfall,493,0,4403,0,0.0,4832,8100,12730,patch_tst,0.9331914080528746,0.0,0.0,0.99743075784121,validation,27.90303543587473,106466,7898
out_rain,483,0,4413,0,0.0,4832,8100,12730,patch_tst,0.9958561803628293,0.0,0.0,0.9994543694777195,validation,27.90303543587473,106466,7898
out_airpress,128,0,4399,369,0.8521939953810623,4832,8100,12730,patch_tst,1.0,1.0,0.7424547283702213,1.0,validation,27.90303543587473,106466,7898
__all__,,,,,0.542247219736674,5743,8581,14227,patch_tst,0.42816453331718035,0.4971579255786698,0.5963309200815351,0.8630048869042636,test,27.90303543587473,119464,8484
in_medium_temp1,0,0,4904,568,1.0,5743,8581,14227,patch_tst,1.0,1.0,1.0,1.0,test,27.90303543587473,119464,8484
in_medium_temp2,60,0,4923,489,0.9421965317919075,5743,8581,14227,patch_tst,1.0,1.0,0.8907103825136612,1.0,test,27.90303543587473,119464,8484
in_temp,0,0,4916,556,1.0,5743,8581,14227,patch_tst,1.0,1.0,1.0,1.0,test,27.90303543587473,119464,8484
in_temp2,0,0,4917,555,1.0,5743,8581,14227,patch_tst,1.0,1.0,1.0,1.0,test,27.90303543587473,119464,8484
in_water_hot,3,5,4931,533,0.9925512104283053,5743,8581,14227,patch_tst,0.9998333117869069,0.9907063197026023,0.9944029850746269,0.999981479353637,test,27.90303543587473,119464,8484
in_water_cold,50,0,4917,505,0.9528301886792453,5743,8581,14227,patch_tst,1.0,1.0,0.9099099099099099,1.0,test,27.90303543587473,119464,8484
in_hum,0,2,4912,558,0.998211091234347,5743,8581,14227,patch_tst,1.0,0.9964285714285714,1.0,1.0,test,27.90303543587473,119464,8484
in_hum2,0,3,4961,508,0.9970559371933267,5743,8581,14227,patch_tst,1.0,0.9941291585127201,1.0,1.0,test,27.90303543587473,119464,8484
in_medium_hum1,33,0,4904,535,0.9700815956482322,5743,8581,14227,patch_tst,1.0,1.0,0.9419014084507042,1.0,test,27.90303543587473,119464,8484
in_medium_hum2,435,0,4929,108,0.3317972350230415,5743,8581,14227,patch_tst,0.9996664193894735,1.0,0.19889502762430938,0.9999656260706825,test,27.90303543587473,119464,8484
in_co2,0,320,4645,507,0.7601199400299851,5743,8581,14227,patch_tst,1.0,0.6130592503022975,1.0,1.0,test,27.90303543587473,119464,8484
in_co2_2,0,326,4614,532,0.7654676258992805,5743,8581,14227,patch_tst,1.0,0.62004662004662,1.0,1.0,test,27.90303543587473,119464,8484
in_medium_ec1,550,0,4922,0,0.0,5743,8581,14227,patch_tst,0.9997635490846675,0.0,0.0,0.999973403272875,test,27.90303543587473,119464,8484
in_medium_ec2,557,0,4915,0,0.0,5743,8581,14227,patch_tst,1.0,0.0,0.0,1.0,test,27.90303543587473,119464,8484
etc_blackout,543,0,4929,0,0.0,5743,8581,14227,patch_tst,1.0,0.0,0.0,1.0,test,27.90303543587473,119464,8484
etc_plc_abnorm,523,0,4949,0,0.0,5743,8581,14227,patch_tst,1.0,0.0,0.0,1.0,test,27.90303543587473,119464,8484
etc_plc_norm,534,0,4938,0,0.0,5743,8581,14227,patch_tst,1.0,0.0,0.0,1.0,test,27.90303543587473,119464,8484
out_temp,235,0,4928,309,0.7245017584994139,5743,8581,14227,patch_tst,1.0,1.0,0.5680147058823529,1.0,test,27.90303543587473,119464,8484
out_hum,0,76,4860,536,0.9337979094076655,5743,8581,14227,patch_tst,1.0,0.8758169934640523,1.0,1.0,test,27.90303543587473,119464,8484
out_winddirec,0,3717,1187,568,0.23408201112713783,5743,8581,14227,patch_tst,1.0,0.13255542590431738,1.0,1.0,test,27.90303543587473,119464,8484
out_windsp,539,0,4933,0,0.0,5743,8581,14227,patch_tst,0.9998385687730773,0.0,0.0,0.9999830756252522,test,27.90303543587473,119464,8484
out_light,0,4130,763,579,0.21898638426626324,5743,8581,14227,patch_tst,1.0,0.12295604162242514,1.0,1.0,test,27.90303543587473,119464,8484
out_light_sum,555,0,4917,0,0.0,5743,8581,14227,patch_tst,1.0,0.0,0.0,1.0,test,27.90303543587473,119464,8484
out_rainfall,545,2,4925,0,0.0,5743,8581,14227,patch_tst,0.9434358922721593,0.0,0.0,0.9985241405250603,test,27.90303543587473,119464,8484
out_rain,539,0,4933,0,0.0,5743,8581,14227,patch_tst,0.9999037460035549,0.0,0.0,0.9999894692779348,test,27.90303543587473,119464,8484
out_airpress,42,0,4892,538,0.962432915921288,5743,8581,14227,patch_tst,1.0,1.0,0.9275862068965517,1.0,test,27.90303543587473,119464,8484
