reg_date,Tin,RHin,VPD,dTcond,CO2,u_heat,x_vent,curtain,u_co2,ACH,Q_heat,Q_ventloss,model
2025-03-21 21:35:00,17.8,0.2858,1.4555569348196276,18.4504145740962,404.0,0.0,0.2,0.0,0.0,1.378878332868774,0.0,648.7532121847643,physics
2025-03-21 21:40:00,17.68152678068719,0.28803357592693646,1.4402147627756205,18.327558420834492,405.83850444382506,0.0,0.1,0.0,0.0,0.766230956262141,0.0,352.46658028734026,physics
2025-03-21 21:45:00,17.577118848371075,0.2899818811601234,1.4268486858472549,18.22099524710865,406.74275246733424,1.0,0.2,0.0,0.0,1.4408447621728357,23333.40915167523,776.8659006639133,physics
2025-03-21 21:50:00,18.364914503470107,0.27604185612698745,1.528756827926169,19.004997629497943,408.3345554396901,0.0,0.2,0.0,0.0,1.3021139502980705,0.0,684.9468808531387,physics
2025-03-21 21:55:00,18.234097866569076,0.2783777232719464,1.5113713104741076,18.871165223367147,409.6003669478908,0.0,0.2,0.0,0.0,1.378878332868774,0.0,707.424542463773,physics
2025-03-21 22:00:00,18.104910278141837,0.2815318779004053,1.4926082317732754,18.698849613022414,410.7953526716691,0.0,0.2,0.0,0.0,1.3483575542563258,0.0,674.7739546755814,physics
2025-03-21 22:05:00,17.979516510324114,0.284533144092827,1.4747044187680851,18.536225335171817,411.82961565162077,0.0,0.1,0.0,0.0,0.7125883756705651,0.0,348.72991087045574,physics
2025-03-21 22:10:00,17.869500374083096,0.2868747390565483,1.45973965840939,18.40877506512854,412.31479239423874,0.0,0.0,0.0,0.0,0.21555000895956952,0.0,103.3599621354501,physics
2025-03-21 22:15:00,17.771316594442833,0.2887582916991223,1.4469116824158545,18.30563440519742,412.45283794159525,0.0,0.0,0.0,0.0,0.21555000895956952,0.0,122.50190344951538,physics
2025-03-21 22:20:00,17.654949486277317,0.2907730737295264,1.4322715060355413,18.194462618074997,412.5884038457043,0.0,0.0,0.0,0.0,0.21555000895956952,0.0,120.03189647347844,physics
2025-03-21 22:25:00,17.5409286891556,0.29276248256625564,1.4180193226243945,18.08554552010072,412.72153464715956,1.0,0.1,0.0,0.0,0.7047269629976618,23333.40915167523,447.6531578569538,physics
2025-03-21 22:30:00,18.32054754686376,0.2784164399643174,1.5195092393234755,18.881562264477086,413.1489788791088,0.0,0.2,0.0,0.0,1.1319374877316921,0.0,701.9665293212522,physics
2025-03-21 22:35:00,18.170607176623268,0.2799045892389502,1.5021743962587948,18.78738670000723,413.7952228487737,0.0,0.2,0.0,0.0,1.1939039170357537,0.0,722.6523928496088,physics
2025-03-21 22:40:00,18.02273848885873,0.2812993511328786,1.4854009813239124,18.6985495736532,414.4125484942056,0.0,0.1,0.0,0.0,0.6968655503247584,0.0,412.5089857964804,physics
2025-03-21 22:45:00,17.890041516527415,0.2830790725794402,1.4694075567441574,18.593711093581565,414.73702369991383,0.0,0.0,0.0,0.0,0.21555000895956952,0.0,125.0219573582302,physics
2025-03-21 22:50:00,17.771280556694936,0.28491011301616065,1.4547369069684024,18.489011420729398,414.83155991563365,0.0,0.0,0.0,0.0,0.21555000895956952,0.0,122.50113851266924,physics
2025-03-21 22:55:00,17.65491417515885,0.2868414583400681,1.4402081291255409,18.380525687874812,414.924398024508,0.0,0.0,0.0,0.0,0.21555000895956952,0.0,120.0311469600608,physics
2025-03-21 23:00:00,17.54089409001553,0.2887479755697765,1.4260653416815217,18.274248611870664,415.01556852878235,1.0,0.1,0.0,0.0,0.7047269629976618,23333.40915167523,447.6507614363594,physics
2025-03-21 23:05:00,18.320513711091483,0.2744274396859404,1.5279060259257005,19.07875506456366,415.30829046653076,0.0,0.2,0.0,0.0,1.316911903564712,0.0,816.0722446438007,physics
2025-03-21 23:10:00,18.166032682422884,0.27621165249997476,1.50944451208745,18.96814611392918,415.82317114425524,0.0,0.2,0.0,0.0,1.316911903564712,0.0,796.1264482128493,physics
2025-03-21 23:15:00,18.0153273576463,0.2780403678058877,1.4914415797344462,18.85660346860538,416.2815474475288,0.0,0.1,0.0,0.0,0.7125883756705651,0.0,421.2707336022204,physics
2025-03-21 23:20:00,17.88242628728313,0.2799861922696831,1.4750397000943178,18.742603515609485,416.50235795289325,0.0,0.0,0.0,0.0,0.21555000895956952,0.0,124.86031658487053,physics
2025-03-21 23:25:00,17.763818873386086,0.2819736002615265,1.4600243978926746,18.629378202854966,416.56518435077584,0.0,0.0,0.0,0.0,0.21555000895956952,0.0,122.34275690367005,physics
2025-03-21 23:30:00,17.647602941837363,0.28393624282782737,1.445408737636155,18.51844952526469,416.62688222943956,1.0,0.1,0.0,0.0,0.7819537816079476,23333.40915167523,504.7738346633301,physics
2025-03-21 23:35:00,18.4231740272456,0.27005280411451765,1.5470428039886843,19.312871471904156,416.8466840791478,0.0,0.2,0.0,0.0,1.240147520994009,0.0,781.2234490647891,physics
2025-03-21 23:40:00,18.26809917432679,0.27144185267200194,1.5291569988803084,19.22042646535025,417.17256548932744,0.0,0.2,0.0,0.0,1.1781810916899471,0.0,724.4480549910476,physics
2025-03-21 23:45:00,18.1182770704462,0.2735946200697777,1.5103654945653,19.091132885890598,417.4501679791996,0.0,0.1,0.0,0.0,0.7357101776496926,0.0,442.343147045485,physics
2025-03-21 23:50:00,17.98255193746555,0.27570421689589575,1.493187398355875,18.966980166674663,417.60649609328294,0.0,0.0,0.0,0.0,0.21555000895956952,0.0,126.98558254988056,physics
2025-03-21 23:55:00,17.861925689187434,0.277739567224244,1.4777343150103932,18.84953808535496,417.6494894089944,0.0,0.0,0.0,0.0,0.21555000895956952,0.0,124.42517111199963,physics
2025-03-22 00:00:00,17.743731629033338,0.2798742903113275,1.4624413423694005,18.728430434711626,417.6917104572403,0.0,0.0,0.0,0.0,0.21555000895956952,0.0,121.91638527286459,physics
2025-03-22 00:05:00,17.627920716772344,0.281983892632165,1.4475520845216963,18.609758803571104,417.73317310987557,1.0,0.1,0.0,0.0,0.6122397550811517,23333.40915167523,394.2628332383135,physics
2025-03-22 00:10:00,18.40764215896578,0.2689901230477659,1.547787711968793,19.364369300340353,417.848826571544,0.0,0.2,0.0,0.0,1.0708959305067955,0.0,778.5239700866309,physics
2025-03-22 00:15:00,18.233669439172406,0.2717235420269011,1.5252668678238432,19.201307222520647,418.040800144073,0.0,0.2,0.0,0.0,1.0246523265485403,0.0,727.5448936525307,physics
2025-03-22 00:20:00,18.06508196545491,0.2749649019451411,1.5024863409030913,19.01539752191463,418.20809170161874,0.0,0.1,0.0,0.0,0.6122397550811517,0.0,425.28013637468507,physics
2025-03-22 00:25:00,17.91174186727864,0.27814794311631774,1.4815360340334949,18.836596318966762,418.29951482642946,0.0,0.0,0.0,0.0,0.21555000895956952,0.0,146.70855792396225,physics
2025-03-22 00:30:00,17.772380354126476,0.280773830224578,1.4632528780773635,18.68873747751702,418.33005979262936,0.0,0.0,0.0,0.0,0.21555000895956952,0.0,164.97646111303496,physics
2025-03-22 00:35:00,17.615665779458528,0.2835037142086403,1.443372175226584,18.53476669528082,418.3600560948511,1.0,0.1,0.0,0.0,0.6122397550811517,23333.40915167523,513.9144516442516,physics
2025-03-22 00:40:00,18.35224532683007,0.27081685620901413,1.538567654940897,19.26404561688706,418.4437259994207,0.0,0.2,0.0,0.0,1.0089295012027337,0.0,827.2100982844083,physics
2025-03-22 00:45:00,18.1580985012076,0.2748610168209805,1.5115079762573518,19.033890991713513,418.57457356201564,0.0,0.1,0.0,0.0,0.6122397550811517,0.0,491.0738842260955,physics
2025-03-22 00:50:00,17.98103564033443,0.2780397953082401,1.488230527742218,18.851753591201646,418.6472987897888,0.0,0.0,0.0,0.0,0.21555000895956952,0.0,169.40537595542813,physics
2025-03-22 00:55:00,17.820113947262538,0.2809043579473864,1.467391698402103,18.689136838796436,418.6715966862872,0.0,0.0,0.0,0.0,0.21555000895956952,0.0,144.76366468731314,physics
2025-03-22 01:00:00,17.68259992868202,0.2837366213930755,1.4490049486521928,18.532944594210758,418.6954581318016,0.0,0.0,0.0,0.0,0.21555000895956952,0.0,141.84479362012445,physics
2025-03-22 01:05:00,17.547858606489335,0.2864248694329413,1.4313520646358198,18.385480943916615,418.71889096608317,1.0,0.1,0.0,0.0,0.7819537816079476,23333.40915167523,573.9394994765928,physics
2025-03-22 01:10:00,18.303297106727396,0.2736310856400099,1.5279321662286478,19.115947495493685,418.80237163722677,0.0,0.2,0.0,0.0,1.3483575542563258,0.0,965.3597031818887,physics
2025-03-22 01:15:00,18.123903563685897,0.2768361845874138,1.5041570443067815,18.93130319304296,418.9369409080715,0.0,0.1,0.0,0.0,0.7588319796288201,0.0,531.1866634159865,physics
2025-03-22 01:20:00,17.96523022074049,0.2796646146564156,1.4834059805294708,18.77000752098495,419.00416451100403,0.0,0.0,0.0,0.0,0.21555000895956952,0.0,147.84390113451605,physics
2025-03-22 01:25:00,17.824790221438583,0.2821614825137344,1.4652577489407044,18.628869814678254,419.0220522067186,0.0,0.0,0.0,0.0,0.21555000895956952,0.0,144.8629232322644,physics
2025-03-22 01:30:00,17.687181915099988,0.28463234611809013,1.447610904629573,18.490576364601953,419.03961859468563,0.0,0.0,0.0,0.0,0.21555000895956952,0.0,141.94205081414518,physics
2025-03-22 01:35:00,17.552348206274132,0.28707701324448653,1.4304490944405774,18.355069848541813,419.05686944639564,1.0,0.1,0.0,0.0,0.7509705669559168,23333.40915167523,551.5891788093769,physics
2025-03-22 01:40:00,18.308474901538972,0.27378747655243424,1.5280993974756152,19.108894827833442,419.11589138694177,0.0,0.2,0.0,0.0,1.2096267423815605,0.0,867.1278422538488,physics
2025-03-22 01:45:00,18.13289267801878,0.27689193862751516,1.5048905238565187,18.929837781169038,419.2050115054022,0.0,0.1,0.0,0.0,0.7047269629976618,0.0,494.04149575968034,physics
2025-03-22 01:50:00,17.975518231618445,0.2796814498073074,1.4843313660889255,18.770643286438688,419.2516989910202,0.0,0.0,0.0,0.0,0.21555000895956952,0.0,148.06227434184834,physics
2025-03-22 01:55:00,17.834870795061093,0.2821783586925727,1.4661535076907701,18.629471896583432,419.2651403484527,0.0,0.0,0.0,0.0,0.21555000895956952,0.0,145.07689337866213,physics
2025-03-22 02:00:00,17.697059234026295,0.2846492620339155,1.448478114749203,18.491145811076674,419.27834026549226,0.0,0.0,0.0,0.0,0.21555000895956952,0.0,120.92571752256035,physics
2025-03-22 02:05:00,17.582189377683697,0.2869569205738046,1.4333860382129018,18.364925498580853,419.29130307901215,1.0,0.1,0.0,0.0,0.7972141709141718,23333.40915167523,509.4746140303243,physics
2025-03-22 02:10:00,18.35889241502973,0.27410204150171896,1.5322744256901273,19.100472885765367,419.33838501470336,0.0,0.2,0.0,0.0,1.316911903564712,0.0,821.0275056401406,physics
2025-03-22 02:15:00,18.203473364242303,0.2773361893760568,1.5106461519720245,18.91801841298396,419.41099240217955,0.0,0.2,0.0,0.0,1.1781810916899471,0.0,716.9787981851431,physics
2025-03-22 02:20:00,18.055195967068258,0.28103701588628577,1.4889777681238794,18.715879870399114,419.46882220339734,0.0,0.1,0.0,0.0,0.7047269629976618,0.0,488.6600325824905,physics
2025-03-22 02:25:00,17.899535758835366,0.2840494172067444,1.4682956810333159,18.548288857060985,419.50001681301495,0.0,0.0,0.0,0.0,0.21555000895956952,0.0,167.67546035451335,physics
2025-03-22 02:30:00,17.740257348603826,0.2868643600069076,1.44792884633534,18.391298188770524,419.5089977613845,0.0,0.0,0.0,0.0,0.21555000895956952,0.0,164.2946185461529,physics
2025-03-22 02:35:00,17.584190470383835,0.2896530082721196,1.428146523643559,18.237478288651932,419.5178173894622,1.0,0.1,0.0,0.0,0.6968655503247584,23333.40915167523,582.6182645384074,physics
2025-03-22 02:40:00,18.318960033785647,0.2767653572378911,1.522834458640765,18.962652264071725,419.5458187603163,0.0,0.2,0.0,0.0,1.2558703463398155,0.0,1024.563534080603,physics
2025-03-22 02:45:00,18.117607092455607,0.28061935719052067,1.4956964860840865,18.745024305215573,419.5933514895482,0.0,0.1,0.0,0.0,0.7972141709141718,0.0,635.7996893368288,physics
2025-03-22 02:50:00,17.935590332988756,0.2840405763217375,1.4716482743744366,18.55376518093308,419.6203669858076,0.0,0.0,0.0,0.0,0.21555000895956952,0.0,168.44075435451754,physics
2025-03-22 02:55:00,17.775584954055756,0.2868563434278457,1.4511709939410613,18.39659183055676,419.62718614410846,0.0,0.0,0.0,0.0,0.21555000895956952,0.0,165.04448191638318,physics
2025-03-22 03:00:00,17.61880576501074,0.2896458171725208,1.4312823823691931,18.24259430491794,419.63388281327326,1.0,0.1,0.0,0.0,0.6584833590394067,23333.40915167523,552.8440804474922,physics
2025-03-22 03:05:00,18.35394858251299,0.2763923631793912,1.5269664667069056,18.986085186846537,419.6539729861831,0.0,0.2,0.0,0.0,1.2096267423815605,0.0,872.5231532309772,physics
2025-03-22 03:10:00,18.17727387798621,0.2804666348879867,1.5016303674157685,18.760905533123317,419.688853280308,0.0,0.2,0.0,0.0,1.1781810916899471,0.0,945.1047265333781,physics
2025-03-22 03:15:00,17.981818071954034,0.28354138898699677,1.476962349259403,18.584292628890584,419.71940221213157,0.0,0.1,0.0,0.0,0.7357101776496926,0.0,577.0746379152099,physics
2025-03-22 03:20:00,17.804752975560106,0.2864956456110468,1.454574486032245,18.41784877812639,419.7366054328283,0.0,0.0,0.0,0.0,0.21555000895956952,0.0,165.66360202453666,physics
2025-03-22 03:25:00,17.647385671436354,0.28939797995489236,1.4343643127567645,18.258241391670307,419.7413366579378,1.0,0.1,0.0,0.0,0.7125883756705651,23333.40915167523,600.1559888336575,physics
2025-03-22 03:30:00,18.38029581356824,0.2761681665836607,1.5299646948891177,19.000946295237437,419.7566966988349,0.0,0.2,0.0,0.0,1.1781810916899471,0.0,968.5693913803116,physics
2025-03-22 03:35:00,18.179987312536056,0.2793488311039707,1.504219415695742,18.81588295894966,419.7805846445831,0.0,0.1,0.0,0.0,0.6584833590394067,0.0,529.4854741904567,physics
2025-03-22 03:40:00,18.00097999239534,0.28234949407963966,1.4812030005558188,18.644565282146093,419.7926247579381,0.0,0.0,0.0,0.0,0.21555000895956952,0.0,169.82871455599656,physics
2025-03-22 03:45:00,17.83965616117428,0.2850721652256567,1.4606828764943458,18.490795411994128,419.79634973587844,0.0,0.0,0.0,0.0,0.21555000895956952,0.0,166.4044566638931,physics
2025-03-22 03:50:00,17.68158510380649,0.2877685523446475,1.4407561672342508,18.340146223799543,419.80000780389975,1.0,0.1,0.0,0.0,0.6506219463665034,23333.40915167523,550.2743507797488,physics
2025-03-22 03:55:00,18.415588660977967,0.27435211109314406,1.5371999958535016,19.096170720910354,419.81085107989014,0.0,0.2,0.0,0.0,1.0394502798151821,0.0,858.5928496738906,physics
2025-03-22 04:00:00,18.218971701162165,0.27707928896378425,1.5126540233322445,18.93288717957252,419.8272353213847,0.0,0.2,0.0,0.0,1.0089295012027337,0.0,814.0106190218293,physics
2025-03-22 04:05:00,18.027922803144804,0.27981700823998645,1.488949831124734,18.771450656333215,419.84176093646977,0.0,0.1,0.0,0.0,0.6432229697331826,0.0,507.63045338334877,physics
2025-03-22 04:10:00,17.852719080432944,0.28255931517929145,1.4670227847744024,18.613564739453462,419.8502428531674,0.0,0.0,0.0,0.0,0.21555000895956952,0.0,166.68173004642335,physics
2025-03-22 04:15:00,17.69438463530719,0.2852764669256457,1.4469641904562582,18.460726641939537,419.8529328660292,0.0,0.0,0.0,0.0,0.21555000895956952,0.0,163.320924831162,physics
2025-03-22 04:20:00,17.539242689016106,0.28807735190337114,1.4272612101595057,18.30576950044307,419.85557455953295,1.0,0.1,0.0,0.0,0.6122397550811517,23333.40915167523,509.3141904605253,physics
2025-03-22 04:25:00,18.27748091837445,0.2749918880192927,1.5226018549096412,19.04452322501864,419.86294314255787,0.0,0.2,0.0,0.0,1.0089295012027337,0.0,819.8053979617204,physics
2025-03-22 04:30:00,18.085071981427806,0.2788151745129,1.4963859018617531,18.828533139591745,419.8744665347925,0.0,0.1,0.0,0.0,0.620101167754055,0.0,553.8775116013368,physics
2025-03-22 04:35:00,17.887612711438543,0.281895331807082,1.471608820769729,18.650595180247258,419.8809534888231,0.0,0.0,0.0,0.0,0.21555000895956952,0.0,188.64837103576681,physics
2025-03-22 04:40:00,17.70841169676521,0.28496007702631004,1.4488849856809156,18.477834625575788,419.883091861869,0.0,0.0,0.0,0.0,0.21555000895956952,0.0,184.84465224156554,physics
2025-03-22 04:45:00,17.53282391375516,0.2881023158315901,1.4266331918970594,18.30369749686068,419.88519182438745,1.0,0.1,0.0,0.0,0.6122397550811517,23333.40915167523,569.1224645644115,physics
2025-03-22 04:50:00,18.249497518202915,0.2753162184003725,1.5192508620487226,19.02441819103582,419.891049335164,0.0,0.2,0.0,0.0,1.0089295012027337,0.0,916.0743550642228,physics
2025-03-22 04:55:00,18.034494185387313,0.2789296791416251,1.4914002747781654,18.81574604639808,419.90020963015803,0.0,0.1,0.0,0.0,0.6432229697331826,0.0,571.2790832543667,physics
2025-03-22 05:00:00,17.837322756001065,0.2823343583763081,1.4660611666479664,18.622272778049933,419.90555858499476,0.0,0.0,0.0,0.0,0.21555000895956952,0.0,187.5809169869949,physics
2025-03-22 05:05:00,17.659135738149473,0.28549702848120695,1.4433072502633242,18.44525880532251,419.9072549889823,1.0,0.1,0.0,0.0,0.6506219463665034,23333.40915167523,612.797111354923,physics
2025-03-22 05:10:00,18.371776850022012,0.27262445326595797,1.5366341900917946,19.17612024762189,419.91228348394765,0.0,0.2,0.0,0.0,1.1014167091192437,0.0,1012.8977242724679,physics
2025-03-22 05:15:00,18.150564212139564,0.2753379560037582,1.5097993084176506,19.009161679769118,419.92033452031814,0.0,0.1,0.0,0.0,0.6122397550811517,0.0,550.8150103667557,physics
2025-03-22 05:20:00,17.951960937397878,0.2779508672411256,1.4856947158108929,18.85198063187031,419.9243990514655,0.0,0.0,0.0,0.0,0.21555000895956952,0.0,190.0142257821878,physics
2025-03-22 05:25:00,17.771462468868403,0.28084099840855625,1.4630316384579805,18.685346396702244,419.92575703356,0.0,0.0,0.0,0.0,0.21555000895956952,0.0,186.18296724650568,physics
2025-03-22 05:30:00,17.59460339257593,0.2837055098536254,1.4410501128695565,18.52211466484038,419.9270906229001,1.0,0.1,0.0,0.0,0.6584833590394067,23333.40915167523,616.0068519536857,physics
2025-03-22 05:35:00,18.308392274963584,0.2701368186201376,1.53577316774803,19.291953445399727,419.93109142386163,0.0,0.2,0.0,0.0,1.1014167091192437,0.0,897.9675639261299,physics
2025-03-22 05:40:00,18.11227990469278,0.2733242826055728,1.510358488209368,19.103741573642175,419.93741617862497,0.0,0.1,0.0,0.0,0.6432229697331826,0.0,512.9646145050937,physics
2025-03-22 05:45:00,17.935235148055856,0.27629822156137296,1.4875293795165847,18.93088884004982,419.94077079124514,0.0,0.0,0.0,0.0,0.21555000895956952,0.0,168.43321520298343,physics
2025-03-22 05:50:00,17.77523693071984,0.2790677006435431,1.4669878910339964,18.772220347803625,419.9418346959516,0.0,0.0,0.0,0.0,0.21555000895956952,0.0,165.03709477682898,physics
2025-03-22 05:55:00,17.618464758872463,0.28181165541510544,1.447036203275896,18.616754127593545,419.94287949026904,1.0,0.1,0.0,0.0,0.6122397550811517,23333.40915167523,514.0829352305268,physics
2025-03-22 06:00:00,18.354983557369437,0.2689857840839849,1.5426960354624275,19.356916255381503,419.94579377750966,0.0,0.2,0.0,0.0,1.0708959305067955,0.0,878.0870929650728,physics
2025-03-22 06:05:00,18.15876198212161,0.27167158786126816,1.518219400429459,19.193078943211127,419.95063121276576,0.0,0.2,0.0,0.0,1.1014167091192437,0.0,881.7955844256254,physics
2025-03-22 06:10:00,17.966181504715564,0.2743664380333402,1.4944060615358505,19.030895215700212,419.9551625133632,0.0,0.1,0.0,0.0,0.6122397550811517,0.0,479.52150778661047,physics
2025-03-22 06:15:00,17.793283998360245,0.2770552735641912,1.4727558839658308,18.873366208538215,419.9574501210163,0.0,0.0,0.0,0.0,0.21555000895956952,0.0,165.4201616388619,physics
2025-03-22 06:20:00,17.636147943326456,0.27970671621788384,1.4528965043496007,18.721368275170427,419.9582144232493,1.0,0.1,0.0,0.0,0.6275001443873759,23333.40915167523,527.9591337910693,physics
2025-03-22 06:25:00,18.371830287732895,0.2667755906840599,1.5489955305408323,19.471749292514954,419.960399461203,0.0,0.2,0.0,0.0,1.0394502798151821,0.0,854.1284410751446,physics
2025-03-22 06:30:00,18.176235673312114,0.27012121097586284,1.5231214632574828,19.273548342464764,419.96382969379744,0.0,0.2,0.0,0.0,1.0394502798151821,0.0,834.7090548751668,physics
2025-03-22 06:35:00,17.990341526054564,0.2731188133425969,1.4992515714343972,19.096424493170087,300.0,1.0,0.1,0.0,0.0,0.6122397550811517,23333.40915167523,536.9640159545579,physics
2025-03-22 06:40:00,18.726851674599192,0.2609707537006764,1.5963477351116966,19.82368686571102,300.0,1.0,0.0,0.0,0.0,0.21555000895956952,23333.40915167523,226.22133538276367,physics
2025-03-22 06:45:00,19.44285997429364,0.24984957511604827,1.694339630754129,20.524866238264273,300.0,1.0,0.0,0.0,0.0,0.21555000895956952,23333.40915167523,241.49870933384824,physics
2025-03-22 06:50:00,20.148096183231043,0.23973104136865445,1.7939425554988853,21.197654192871273,300.0,1.0,0.0,0.0,0.0,0.21555000895956952,23333.40915167523,256.53155709410413,physics
2025-03-22 06:55:00,20.842044540973728,0.23025453285539701,1.8957120173371722,21.858108750224474,300.0,1.0,0.0,0.0,0.0,0.21555000895956952,23333.40915167523,271.34068695653843,physics
2025-03-22 07:00:00,21.52566560276645,0.22157396440856347,1.9991828694175755,22.494023157995432,300.0,1.0,0.1,1.0,0.0,0.620101167754055,23333.40915167523,789.3574326398939,physics
2025-03-22 07:05:00,22.166163556480242,0.21240860481098536,2.1033440533203422,23.177583403408097,306.2010116775406,0.0,0.0,0.0,0.0,0.21555000895956952,0.0,258.8580941800858,physics
2025-03-22 07:10:00,21.94944246156685,0.21678944253437243,2.064209785196055,22.862569016269926,300.0,0.0,0.0,0.0,0.0,0.21555000895956952,0.0,254.52789902652273,physics
2025-03-22 07:15:00,21.749551405431436,0.22161493222981696,2.026620946031394,22.528737386793043,300.0,1.0,0.1,1.0,0.0,0.6122397550811517,23333.40915167523,762.7522501817961,physics
2025-03-22 07:20:00,22.39640935709671,0.2123604057886784,2.133134824859364,23.21999293281607,306.1223975508115,0.0,0.2,1.0,0.0,1.1014167091192437,0.0,1231.719159281263,physics
2025-03-22 07:25:00,22.127407030577842,0.2154953225400962,2.0901630556183637,22.97429730842915,316.5746220618094,0.0,0.1,0.0,0.0,0.6353615570602792,0.0,699.4887733588756,physics
2025-03-22 07:30:00,21.95453009355256,0.22134693753549514,2.0528348650239625,22.579392137605865,300.0,0.0,0.0,0.0,0.0,0.21555000895956952,0.0,234.2831848996429,physics
2025-03-22 07:35:00,21.815012165403953,0.22771644805601052,2.0187868975164935,22.1681169668188,300.0,0.0,0.0,0.0,0.0,0.21555000895956952,0.0,231.5758254174063,physics
2025-03-22 07:40:00,21.69003466969058,0.23452978655071827,1.9857634241548323,21.74341790439159,300.0,1.0,0.1,1.0,0.0,0.7047269629976618,23333.40915167523,804.2927619109992,physics
2025-03-22 07:45:00,22.356047766072688,0.22386626254222128,2.096824341656338,22.491094814609948,307.0472696299766,0.0,0.2,1.0,0.0,1.224424695648202,0.0,1343.3468520673957,physics
2025-03-22 07:50:00,22.08666591784804,0.22524267476324775,2.0590779725798045,22.36246803859141,318.57244567213905,0.0,0.1,0.0,0.0,0.6663447717123101,0.0,669.3166306213335,physics
2025-03-22 07:55:00,21.99462628669338,0.23344043893843078,2.0258975491828966,21.85650521523981,300.0,0.0,0.0,0.0,0.0,0.21555000895956952,0.0,215.21026566147614,physics
2025-03-22 08:00:00,21.934565480000987,0.24214118738977997,1.9955822588798304,21.342525889975466,300.0,0.0,0.0,0.0,0.0,0.21555000895956952,0.0,214.22121799610073,physics
2025-03-22 08:05:00,21.888908927492615,0.25127026978041583,1.9660612993058066,20.82331136011083,300.0,0.0,0.0,0.0,0.0,0.21555000895956952,0.0,213.53791487383572,physics
2025-03-22 08:10:00,21.857366196062188,0.26080541126052886,1.9372916245280716,20.301042759996335,300.0,0.0,0.0,0.0,0.0,0.21555000895956952,0.0,212.99541247239966,physics
2025-03-22 08:15:00,21.83232312660842,0.270424786788345,1.9091612373554487,19.7920532099645,300.0,0.0,0.0,0.0,0.0,0.21555000895956952,0.0,212.68613928099057,physics
2025-03-22 08:20:00,21.818046415588995,0.2802967896703186,1.8816877706762416,19.287760653217582,300.0,0.0,0.0,0.0,0.0,0.21555000895956952,0.0,191.52230472404273,physics
2025-03-22 08:25:00,21.841078613576087,0.2905761257016761,1.8574211531532123,18.784393958310165,300.0,0.0,0.0,0.0,0.0,0.21555000895956952,0.0,192.23347663800547,physics
2025-03-22 08:30:00,21.87390782794969,0.3010573281660488,1.8336485069845752,18.288281847278895,300.0,0.0,0.0,0.0,0.0,0.21555000895956952,0.0,193.2478673709422,physics
2025-03-22 08:35:00,21.920734270581,0.31189233223957136,1.8103869474951764,17.792805496547906,300.0,0.0,0.0,0.0,0.0,0.21555000895956952,0.0,194.47997357293053,physics
2025-03-22 08:40:00,21.977610924231076,0.32281772331363845,1.7878320240049796,17.3094451580462,300.0,0.0,0.0,0.3,0.0,0.21555000895956952,0.0,194.31538544888136,physics
2025-03-22 08:45:00,21.970013184919843,0.3309755526878787,1.765476593088736,16.951401583717427,300.0,0.0,0.1,0.3,0.0,0.7047269629976618,0.0,564.8499059822823,physics
2025-03-22 08:50:00,21.975283151567478,0.33496496542400234,1.7555129056011336,16.780264846393827,300.0,0.0,0.2,0.3,0.0,1.3021139502980705,0.0,1042.9919439381722,physics
2025-03-22 08:55:00,21.97013908847338,0.3332195423737895,1.7595684745891385,16.854560880481785,300.0,0.0,0.1,0.4,0.0,0.6894665736914376,0.0,551.9029926358227,physics
2025-03-22 09:00:00,21.96495765795569,0.3368043850153144,1.7495556802901329,16.70037010391515,300.0,0.0,0.1,0.4,0.0,0.6894665736914376,0.0,552.0698986139465,physics
2025-03-22 09:05:00,21.967366412875222,0.3401111092971046,1.7410879751903525,16.560312946997296,300.0,0.0,0.2,0.5,0.0,1.1171395344650505,0.0,780.9306804202482,physics
2025-03-22 09:10:00,21.955670524421723,0.3385210441718712,1.7440392271555218,16.626202047769354,300.0,0.0,0.2,0.5,0.0,1.1633831384233055,0.0,812.4614067740914,physics
2025-03-22 09:15:00,21.948865627523194,0.337523569251972,1.7459445891087682,16.667738303730815,300.0,0.0,0.2,0.5,0.0,1.1939039170357537,0.0,833.5836116483894,physics
2025-03-22 09:20:00,21.947262821284856,0.33659495935715555,1.748221062764089,16.70709284129365,300.0,0.0,0.2,0.5,0.0,1.224424695648202,0.0,855.1405202546704,physics
2025-03-22 09:25:00,21.949272526353194,0.3350150797542123,1.7525991490454218,16.774860871265627,300.0,0.0,0.3,0.6,0.0,1.7760305150299383,0.0,1058.953622143319,physics
2025-03-22 09:30:00,21.93281020368473,0.3284682296147742,1.7680779473315287,17.055577003482064,300.0,0.0,0.2,0.6,0.0,1.224424695648202,0.0,730.3011241404531,physics
2025-03-22 09:35:00,21.934769102559535,0.32646074118838186,1.7735753189558254,17.14353256134565,300.0,0.0,0.3,0.6,0.0,1.8218116829486108,0.0,1085.1892096972224,physics
2025-03-22 09:40:00,21.927013579458173,0.32226943840155525,1.7837681030284638,17.327190369196796,300.0,0.0,0.2,0.7,0.0,1.1939039170357537,0.0,590.7321404464495,physics
2025-03-22 09:45:00,21.923287093595984,0.3209980809511806,1.7867081898720385,17.38313621464204,300.0,0.0,0.2,0.7,0.0,1.1939039170357537,0.0,590.6387123451048,physics
2025-03-22 09:50:00,21.922508443961004,0.31996472235317974,1.7893423714541243,17.42904455787619,300.0,0.0,0.3,0.7,0.0,1.706665109092556,0.0,843.0238389611092,physics
2025-03-22 09:55:00,21.915022203474805,0.3160521764681875,1.7988157851808824,17.603460521566962,300.0,0.0,0.3,0.7,0.0,1.6372997031551733,0.0,808.2847131074504,physics
2025-03-22 10:00:00,21.912133035735323,0.31221544620148967,1.8085878503608273,17.776937874957557,300.0,0.0,0.2,0.8,0.0,1.1319374877316921,0.0,444.00765342199605,physics
2025-03-22 10:05:00,21.90303055521835,0.31068166160259786,1.811615002642796,17.84575680949625,300.0,0.0,0.2,0.8,0.0,1.2558703463398155,0.0,491.4656370877667,physics
2025-03-22 10:10:00,21.89387754747868,0.3095254488512138,1.8136408214400177,17.897524927839175,300.0,0.0,0.1,0.8,0.0,0.6737437483456309,0.0,263.7400757770431,physics
2025-03-22 10:15:00,21.895070443932855,0.31076217721569177,1.8105240975410568,17.84101518248039,300.0,0.0,0.2,0.8,0.0,1.1014167091192437,0.0,430.76221150668675,physics
2025-03-22 10:20:00,21.891525454247013,0.3097236601590183,1.8128600646319923,17.88811577393225,300.0,0.0,0.1,0.9,0.0,0.7357101776496926,0.0,212.37005385713806,physics
2025-03-22 10:25:00,21.872238183520544,0.3095688740010233,1.811134304358657,17.892646923559987,300.0,0.0,0.2,0.8,0.0,1.240147520994009,0.0,360.6840967810899,physics
2025-03-22 10:30:00,21.89392707289161,0.3092158772021462,1.8144594419402467,17.911747720052382,300.0,0.0,0.1,0.9,0.0,0.7588319796288201,0.0,219.30986514115435,physics
2025-03-22 10:35:00,21.875719225637692,0.3085229961739522,1.814263105581729,17.941178184867272,300.0,0.0,0.0,0.9,0.0,0.21555000895956952,0.0,62.064110244572774,physics
2025-03-22 10:40:00,21.865011877047646,0.3104044513117249,1.8081450615733725,17.853387333985353,300.0,0.0,0.1,0.9,0.0,0.8434577748724268,0.0,158.6136217996078,physics
2025-03-22 10:45:00,21.871160643779273,0.310040033796562,1.809779381392088,17.870896880108518,300.0,0.0,0.2,0.9,0.0,1.224424695648202,0.0,230.69896394268713,physics
2025-03-22 10:50:00,21.874767870323364,0.3084102862075414,1.814453513669063,17.946239578352074,300.0,0.0,0.3,0.9,0.0,1.9147613269047035,0.0,360.70384339417836,physics
2025-03-22 10:55:00,21.87443360102652,0.3032981453509181,1.8278284413551291,18.18330641374866,300.0,0.0,0.4,0.9,0.0,2.666139515386102,0.0,500.87256906771916,physics
2025-03-22 11:00:00,21.869297022391006,0.29631866711972565,1.8455609591931965,18.512080833032705,300.0,0.0,0.5,0.9,0.0,3.2001727652637015,0.0,598.5132668445407,physics
2025-03-22 11:05:00,21.8609482443082,0.2893099939411595,1.862993545240038,18.84872403177365,300.0,0.0,0.4,0.9,0.0,2.233299382336835,0.0,417.5859263093948,physics
2025-03-22 11:10:00,21.860513586640973,0.2874031866867589,1.8679424853142828,18.941813674260786,300.0,0.0,0.4,0.9,0.0,2.4497194488614684,0.0,457.59950131478155,physics
2025-03-22 11:15:00,21.85867360073414,0.28453700829966533,1.875245107519605,19.082601609668206,300.0,0.0,0.3,0.9,0.0,2.099273306698141,0.0,392.44877361936847,physics
2025-03-22 11:20:00,21.8601498476288,0.28144067514703863,1.883530318269739,19.23660230396086,300.0,0.0,0.4,0.9,0.0,2.481165099553082,0.0,463.7673459575905,physics
2025-03-22 11:25:00,21.859852235597163,0.27980711253201773,1.887778029195962,19.31829968401621,300.0,0.0,0.5,0.9,0.0,3.2001727652637015,0.0,596.5386252939068,physics
2025-03-22 11:30:00,21.854808521213734,0.277351688674443,1.893631359670286,19.441231590260514,300.0,0.0,0.4,1.0,0.0,2.4182737981698548,0.0,201.78323515095218,physics
2025-03-22 11:35:00,21.830258916962208,0.2754207598973601,1.8958488673371203,19.53559236783365,324.18273798169855,0.0,0.5,0.9,0.0,2.8163508524101846,0.0,243.4669291930775,physics
2025-03-22 11:40:00,21.860175679926623,0.2758874788413946,1.8980896774715306,19.516208361362363,300.0,0.0,0.5,1.0,0.0,3.2001727652637015,0.0,267.8620295746026,physics
2025-03-22 11:45:00,21.832859355452122,0.27360958593119805,1.900889422252096,19.62835761387686,332.001727652637,0.0,0.6,0.9,0.0,3.4752418329750725,0.0,300.6907470868042,physics
2025-03-22 11:50:00,21.860932238964697,0.2768804928885381,1.895574226605342,19.465956987858792,300.0,0.0,0.5,1.0,0.0,2.853345735576789,0.0,239.3744579539784,physics
2025-03-22 11:55:00,21.834751769766054,0.2746425375005957,1.898405527169973,19.575875964391305,328.5334573557679,0.0,0.6,0.9,0.0,3.891434268599368,0.0,336.57395667673967,physics
2025-03-22 12:00:00,21.860606748730667,0.27762676419423643,1.8935803561518119,19.428167484976154,300.0,0.0,0.5,1.0,0.0,3.278786891992735,0.0,274.4931523581747,physics
2025-03-22 12:05:00,21.83301392795997,0.2774076751128065,1.890968049229709,19.43525459269413,332.78786891992735,0.0,0.6,0.9,0.0,3.5196356927749974,0.0,304.7932007797012,physics
2025-03-22 12:10:00,21.861671045440236,0.27681614800913684,1.8958283576406139,19.469322257752708,300.0,0.0,0.2,1.0,0.0,1.5481299233559875,0.0,130.6677427537241,physics
2025-03-22 12:15:00,21.839836841338673,0.2757379249815556,1.8961269972521044,19.520857940895834,315.48129923355987,0.0,0.1,1.0,0.0,0.9206845934827127,0.0,75.92939642653525,physics
2025-03-22 12:20:00,21.82060282935295,0.27507045979982214,1.8956479362224603,19.55201664986124,323.50036236076744,0.0,0.2,1.0,0.0,1.316911903564712,0.0,0.0,physics
2025-03-22 12:25:00,21.824987514004953,0.274766463414347,1.896950443542409,19.56813922773812,334.09048915216636,0.0,0.3,1.0,0.0,2.0299079007607586,0.0,0.0,physics
2025-03-22 12:30:00,21.82974974800531,0.27437054758763346,1.8985377327496256,19.589023012658256,348.6228553872088,0.0,0.2,1.0,0.0,1.3946011582145807,0.0,0.0,physics
2025-03-22 12:35:00,21.83396224922485,0.2741196518752033,1.899682489945433,19.602445211270144,356.91807609946284,0.0,0.1,1.0,0.0,0.812474560220396,0.0,0.0,physics
2025-03-22 12:40:00,21.837695067318673,0.2739643670677526,1.9005217744654468,19.610921999980174,361.1891142977083,0.0,0.0,1.0,0.0,0.21555000895956952,0.0,0.0,physics
2025-03-22 12:45:00,21.840967623129476,0.2738866996461467,1.901104709993361,19.615368139598136,362.2455048760457,0.0,0.0,1.0,0.0,0.21555000895956952,0.0,0.0,physics
2025-03-22 12:50:00,21.844174194368165,0.2736292283909636,1.9021509889756998,19.629001905903436,363.282920037831,0.0,0.0,1.0,0.0,0.21555000895956952,0.0,0.0,physics
2025-03-22 12:55:00,21.84731611148226,0.2733765888098519,1.9031774316534027,19.642390399168487,364.30170062899816,0.0,0.0,1.0,0.0,0.21555000895956952,0.0,0.0,physics
2025-03-22 13:00:00,21.850394678093455,0.27276614553880074,1.905134166372023,19.67412727531839,365.30218137303586,0.0,0.0,1.0,0.0,0.21555000895956952,0.0,0.0,physics
2025-03-22 13:05:00,21.853411171538504,0.27234823281790255,1.906579872309552,19.69602388716478,366.2846909809618,0.0,0.0,1.0,0.0,0.21555000895956952,0.0,0.0,physics
2025-03-22 13:10:00,21.876529852352416,0.2716946584418051,1.9109859781200889,19.733023540868665,367.2495522593218,0.0,0.0,1.0,0.0,0.21555000895956952,0.0,0.0,physics
2025-03-22 13:15:00,21.89918239099809,0.2710549979162884,1.9153092231006998,19.769319562873484,368.1970822162488,0.0,0.0,1.0,0.0,0.21555000895956952,0.0,0.0,physics
2025-03-22 13:20:00,21.92137818630424,0.27042892805671376,1.9195510777976548,19.80492521720797,369.1275921656171,0.0,0.0,1.0,0.0,0.21555000895956952,0.0,0.0,physics
2025-03-22 13:25:00,21.943126447590906,0.2698161342124067,1.9237129902299153,19.839853522169317,370.0413878293251,0.0,0.0,1.0,0.0,0.21555000895956952,0.0,0.0,physics
2025-03-22 13:30:00,21.964436198490535,0.26921631000303037,1.9277963860847986,19.874117254736387,370.9387694377415,0.0,0.0,1.0,0.0,0.21555000895956952,0.0,0.0,physics
2025-03-22 13:35:00,21.985316280691983,0.2686291570644833,1.931802668918968,19.907728954907576,371.82003182834666,0.0,0.0,1.0,0.0,0.21555000895956952,0.0,0.0,physics
2025-03-22 13:40:00,22.00577535760906,0.2680543848039296,1.9357332203643063,19.94070092996455,372.68546454260263,0.0,0.0,1.0,0.0,0.21555000895956952,0.0,0.0,physics
2025-03-22 13:45:00,22.025821917975083,0.26749171016358375,1.939589400338298,19.97304525866304,373.5353519210826,0.0,0.0,1.0,0.0,0.21555000895956952,0.0,0.0,physics
2025-03-22 13:50:00,22.045464279364964,0.26694085739289425,1.9433725472584982,20.004773795351824,374.3699731968921,0.0,0.0,1.0,0.0,0.21555000895956952,0.0,0.0,physics
2025-03-22 13:55:00,22.06471059164628,0.266401557828782,1.9470839782607474,20.03589817402108,375.1896025874117,0.0,0.0,1.0,0.0,0.21555000895956952,0.0,0.0,physics
2025-03-22 14:00:00,22.08356884036075,0.2657785999443066,1.9509772904093918,20.071421641989765,375.99450938439213,0.0,0.0,1.0,0.0,0.21555000895956952,0.0,0.0,physics
2025-03-22 14:05:00,22.102046850037553,0.26526343851581363,1.9545446250106753,20.101285621446767,376.78495804243084,0.0,0.0,1.0,0.0,0.21555000895956952,0.0,0.0,physics
2025-03-22 14:10:00,22.1201522874398,0.2647590281392114,1.958044151047247,20.130580488275402,377.56120826585936,0.0,0.0,1.0,0.0,0.21555000895956952,0.0,0.0,physics
2025-03-22 14:15:00,22.137892664745607,0.264075854978523,1.961981703287754,20.169326624402338,378.32351509407,0.0,0.0,1.0,0.0,0.21555000895956952,0.0,0.0,physics
2025-03-22 14:20:00,22.155275342664964,0.26359582456114716,1.9653402265353772,20.197342241849437,379.0721289853097,0.0,0.0,1.0,0.0,0.21555000895956952,0.0,0.0,physics
2025-03-22 14:25:00,22.1723075334938,0.2631257663782457,1.9686347422753583,20.224823339835652,379.8072958989691,0.0,0.0,1.0,0.0,0.21555000895956952,0.0,0.0,physics
2025-03-22 14:30:00,22.188996304106464,0.2626654581944924,1.97186642071498,20.25178005256475,380.52925737639293,0.0,0.0,1.0,0.0,0.21555000895956952,0.0,0.0,physics
2025-03-22 14:35:00,22.205348578887847,0.26202618655521775,1.975541014675179,20.288264565107788,381.23825062023957,0.0,0.0,1.0,0.0,0.21555000895956952,0.0,0.0,physics
2025-03-22 14:40:00,22.221371142606408,0.26155628663852104,1.9787271703404894,20.31573677176845,381.93450857241425,0.0,0.0,1.0,0.0,0.21555000895956952,0.0,0.0,physics
2025-03-22 14:45:00,22.237070643229256,0.26112804973586917,1.981766723700666,20.34097824278854,382.6182599906031,0.0,0.0,1.0,0.0,0.21555000895956952,0.0,0.0,physics
2025-03-22 14:50:00,22.252453594680485,0.2607086460211699,1.9847481168840697,20.36573737619748,383.28972952343224,0.0,0.0,1.0,0.0,0.21555000895956952,0.0,0.0,physics
2025-03-22 14:55:00,22.267526379543877,0.2602978811155519,1.9876724222810007,20.390023339727943,383.9491377842766,0.0,0.0,1.0,0.0,0.21555000895956952,0.0,0.0,physics
2025-03-22 15:00:00,22.28229525171112,0.25970794893622073,1.9910452961437755,20.42392472933613,384.59670142374324,0.0,0.0,1.0,0.0,0.21555000895956952,0.0,0.0,physics
2025-03-22 15:05:00,22.296766338976624,0.25912997805766486,1.9943541089789878,20.457207238519512,385.23263320085243,0.0,0.0,1.0,0.0,0.21555000895956952,0.0,0.0,physics
2025-03-22 15:10:00,22.331108654533235,0.25851412242367533,2.000184136517754,20.495615536265376,385.8571420529405,0.0,0.0,1.0,0.0,0.21555000895956952,0.0,0.0,physics
2025-03-22 15:15:00,22.344595516720602,0.2579613675567047,2.003317017048076,20.527529378271232,386.47043316430666,0.0,0.0,1.0,0.0,0.21555000895956952,0.0,0.0,physics
2025-03-22 15:20:00,22.357810443184935,0.2576064970284479,2.0058856895134953,20.54874366268333,387.072708033627,0.0,0.0,1.0,0.0,0.21555000895956952,0.0,0.0,physics
2025-03-22 15:25:00,22.37075891696865,0.257258868755017,2.0084049247822784,20.56955175079767,387.6641645401575,0.0,0.0,1.0,0.0,0.21555000895956952,0.0,0.0,physics
2025-03-22 15:30:00,22.383446310559535,0.2567318601115351,2.0113802477355103,20.600088951769024,388.2449970087479,0.0,0.0,1.0,0.0,0.21555000895956952,0.0,0.0,physics
2025-03-22 15:35:00,22.395877888119852,0.25621541319885843,2.014298899332959,20.630069368253597,388.8153962736875,0.0,0.0,1.0,0.0,0.21555000895956952,0.0,0.0,physics
2025-03-22 15:40:00,22.408058807670518,0.255895490198479,2.0166573314356997,20.64935300680419,389.37554974140477,0.0,0.0,1.0,0.0,0.21555000895956952,0.0,0.0,physics
2025-03-22 15:45:00,22.419994123231227,0.2553960188546856,2.0194748472323867,20.6784209621159,389.92564145203994,0.0,0.0,1.0,0.0,0.21555000895956952,0.0,0.0,physics
2025-03-22 15:50:00,22.431688786917427,0.25509243685909744,2.021734033128434,20.696793407540657,390.4658521399121,0.0,0.0,1.0,0.0,0.21555000895956952,0.0,0.0,physics
2025-03-22 15:55:00,22.443147650995016,0.25479501639077035,2.023949557064389,20.714812854356833,390.9963592929,0.0,0.0,1.0,0.0,0.21555000895956952,0.0,0.0,physics
2025-03-22 16:00:00,22.454375469893616,0.25450362593708115,2.026122240544532,20.732486066613006,391.5173372107563,0.0,0.0,1.0,0.0,0.21555000895956952,0.0,0.0,physics
2025-03-22 16:05:00,22.465376902179237,0.2542181370347869,2.0282528905369714,20.749819679676854,392.0289570623741,0.0,0.0,1.0,0.0,0.21555000895956952,0.0,0.0,physics
2025-03-22 16:10:00,22.476156512487186,0.253938424190275,2.0303422996929354,20.76682020264696,392.5313869420253,0.0,0.0,1.0,0.0,0.21555000895956952,0.0,0.0,physics
2025-03-22 16:15:00,22.486718773415983,0.2536032157471448,2.0325577652168763,20.786854560715984,393.02479192458804,0.0,0.0,1.0,0.0,0.21555000895956952,0.0,0.0,physics
2025-03-22 16:20:00,22.497068067383108,0.2533358261453134,2.034564023380921,20.803148823624046,393.50933411978315,0.0,0.0,1.0,0.0,0.21555000895956952,0.0,0.0,physics
2025-03-22 16:25:00,22.507208688443313,0.25288876153623635,2.0370359906328996,20.82932525044468,393.9851727254353,0.0,0.0,1.0,0.0,0.21555000895956952,0.0,0.0,physics
2025-03-22 16:30:00,22.51714484407029,0.25263548148381887,2.0389561356817882,20.844819415858833,394.4524640797781,0.0,0.0,1.0,0.0,0.21555000895956952,0.0,0.0,physics
2025-03-22 16:35:00,22.526880656902403,0.2523873050771218,2.040839010576076,20.860015309162836,394.91136171281966,0.0,0.0,1.0,0.0,0.21555000895956952,0.0,0.0,physics
2025-03-22 16:40:00,22.536420166453212,0.25195938297722853,2.043189924694183,20.885131302193447,395.36201639678507,0.0,0.1,1.0,0.0,0.9743271740742886,0.0,51.31229452652287,physics
2025-03-22 16:45:00,22.52402325253462,0.2506849952196134,2.04513122327234,20.95384201114215,397.3624711417025,0.0,0.2,1.0,0.0,1.4408447621728357,0.0,73.98997672551135,physics
2025-03-22 16:50:00,22.51096321631169,0.24947495106500112,2.0468104128418476,21.01916614196749,400.08056821537036,0.0,0.3,1.0,0.0,2.099273306698141,0.0,104.83905608265124,physics
2025-03-22 16:55:00,22.496921808161478,0.24674275959013556,2.0525110562882327,21.170100306619286,403.5652625012093,0.0,0.4,1.0,0.0,2.5422066567779784,0.0,123.25211073116468,physics
2025-03-22 17:00:00,22.482411277711964,0.24401522552173568,2.058128998481963,21.322170715949305,407.0469707571947,0.0,0.2,1.0,0.0,1.7950707684930691,0.0,84.740472258716,physics
2025-03-22 17:05:00,22.469724533145584,0.24256306643840275,2.060494370236979,21.40296023016752,408.984604436961,0.0,0.2,1.0,0.0,1.5333319700893457,0.0,70.55446951865567,physics
2025-03-22 17:10:00,22.457849008739302,0.24154573194049123,2.061774338357286,21.459337920056978,410.39212595196,0.0,0.3,1.0,0.0,1.9605424948233758,0.0,87.78162292485192,physics
2025-03-22 17:15:00,22.44551392618785,0.2403960281733815,2.0633532288132796,21.523473438073946,411.9618463983011,0.0,0.4,1.0,0.0,2.172257825111938,0.0,94.56066406892876,physics
2025-03-22 17:20:00,22.433144776445037,0.23934223883651717,2.0646638358304075,21.582324832128048,413.41692490336294,0.0,0.5,1.0,0.0,2.968954745472426,0.0,125.2535092168395,physics
2025-03-22 17:25:00,22.419778568938273,0.23815373016036542,2.066211396548554,21.649065230379,415.04566257402644,0.0,0.6,1.0,0.0,3.982996604436712,0.0,162.18649297037646,physics
2025-03-22 17:30:00,22.40517130950008,0.23696768910462765,2.0675923118160293,21.715754339990333,416.6900883361003,0.0,0.7,1.0,0.0,3.9634939149339994,0.0,155.7885197639221,physics
2025-03-22 17:35:00,22.39110304147899,0.2362404779334047,2.0677944782848834,21.75596772391156,417.7833228976699,0.0,0.8,1.0,0.0,4.931754605979615,0.0,186.38703568797354,physics
2025-03-22 17:40:00,22.376052240673317,0.231664267781002,2.078282331686065,22.02344700419843,418.6943318567854,0.0,0.9,1.0,0.0,5.5212801806071194,0.0,732.4233608766065,physics
2025-03-22 17:45:00,22.319946533629228,0.22736950039695064,2.082783946327526,22.271851187111146,419.29507849358384,0.0,1.0,1.0,0.0,5.722359481985283,0.0,727.553898418115,physics
2025-03-22 17:50:00,22.265097429759077,0.2252736375424849,2.0814794205052602,22.390030067601643,419.6312296824418,0.0,1.0,1.0,0.0,6.032191628505592,0.0,734.1538935529578,physics
2025-03-22 17:55:00,22.21100494083745,0.22443630424763994,2.0768831103462877,22.432187185738087,419.8166041176431,0.0,1.0,1.0,0.0,6.3420237750259005,0.0,737.930406354894,physics
2025-03-22 18:00:00,22.157767830660475,0.22433594525265416,2.070432440879607,22.429514026468766,419.9135292048222,0.0,1.0,1.0,0.0,5.338537569131766,0.0,596.2831456552047,physics
2025-03-22 18:05:00,22.111384073180727,0.22464053982871854,2.063782769601223,22.40324458916048,419.95199817054635,0.0,1.0,1.0,0.0,6.3420237750259005,0.0,677.2260567091236,physics
2025-03-22 18:10:00,22.062526406000657,0.2250918551382727,2.0564526833771026,22.367665974376948,419.9773672325163,0.0,1.0,1.0,0.0,5.107319549340492,0.0,524.0197678886211,physics
2025-03-22 18:15:00,22.020912632016763,0.2255802513854507,2.049952283112257,22.33109728979726,419.98699996383505,0.0,0.9,0.0,0.0,5.242431248738842,0.0,947.2879471040279,physics
2025-03-22 18:20:00,21.96797316745366,0.22251217502579518,2.051443502309537,22.50983530282127,300.0,0.0,0.8,0.0,0.0,5.175920834879201,0.0,991.3410933989189,physics
2025-03-22 18:25:00,21.905765330704,0.2161449966591823,2.0604128695109014,22.895780661048892,300.0,0.0,0.2,0.0,0.0,1.5018863193977323,0.0,282.1881919675848,physics
2025-03-22 18:30:00,21.869544099230552,0.21584613313529047,2.056649098006594,22.90851305208046,300.0,0.0,0.2,0.0,0.0,1.316911903564712,0.0,242.55000624365826,physics
2025-03-22 18:35:00,21.832645670081646,0.21662916158908085,2.049974631558754,22.852957456183045,300.0,0.0,0.2,0.0,0.0,1.286391124952264,0.0,231.82923717376855,physics
2025-03-22 18:40:00,21.793201565293035,0.21720999405428543,2.0435288060296064,22.80983407225203,300.0,0.0,0.2,0.0,0.0,1.378878332868774,0.0,242.87145581980354,physics
2025-03-22 18:45:00,21.752606697477248,0.21769919397834417,2.037196108030423,22.772357734046437,300.0,0.0,0.2,0.0,0.0,1.6868607352307525,0.0,289.4296304823424,physics
2025-03-22 18:50:00,21.707252270784448,0.2167251575650319,2.034090168525739,22.82578982752028,316.86860735230755,0.0,0.2,0.0,0.0,1.471365540785284,0.0,246.13343465224668,physics
2025-03-22 18:55:00,21.66450065203056,0.2161060256512001,2.0303876631551523,22.857510410381746,329.51393879522516,0.0,0.2,0.0,0.0,1.3631555075229673,0.0,222.4174736823563,physics
2025-03-22 19:00:00,21.62351923801469,0.21568154050093472,2.026405300789021,22.877331355339482,339.7928198523376,0.0,0.2,0.0,0.0,1.4408447621728357,0.0,229.23438998766787,physics
2025-03-22 19:05:00,21.58305687312051,0.21530801840450753,2.0223613962463673,22.894055175091573,349.4233278027053,0.0,0.2,0.0,0.0,1.224424695648202,0.0,310.20261952946635,physics
2025-03-22 19:10:00,21.52085182544844,0.21503293733841247,2.0153882029043535,22.900905257745986,356.6246461672916,0.0,0.2,0.0,0.0,1.316911903564712,0.0,325.4794312047896,physics
2025-03-22 19:15:00,21.459239146334554,0.21478286326009505,2.0084439881539944,22.906281732000473,363.5796259885349,0.0,0.2,0.0,0.0,1.270668299606457,0.0,306.43080723266473,physics
2025-03-22 19:20:00,21.399574113463217,0.21465297023304586,2.0014523389690995,22.90439459960485,369.55392438089393,0.0,0.2,0.0,0.0,1.1476603130774987,0.0,270.1839962551491,physics
2025-03-22 19:25:00,21.342503214630643,0.21466239003825577,1.9944447971698853,22.894142019993403,374.37850429244014,0.0,0.2,0.0,0.0,1.3483575542563258,0.0,309.6352476055534,physics
2025-03-22 19:30:00,21.284963456201318,0.21462918448406534,1.9875094854014717,22.88650450988468,379.50467832358686,0.0,0.2,0.0,0.0,1.224424695648202,0.0,274.404197994476,physics
2025-03-22 19:35:00,21.22993707943005,0.21471433978913457,1.9806018977387394,22.871820536191695,383.6366343168217,0.0,0.2,0.0,0.0,1.5018863193977323,0.0,328.1173447442968,physics
2025-03-22 19:40:00,21.173832439425254,0.21419993412094848,1.9750919059967667,22.894821573757422,388.1877711040569,0.0,0.2,0.0,0.0,1.4556427154394773,0.0,310.070460224073,physics
2025-03-22 19:45:00,21.119529867089206,0.21331557983674276,1.9707380422367056,22.941621538773298,392.0467077085796,0.0,0.2,0.0,0.0,1.316911903564712,0.0,273.6628026278526,physics
2025-03-22 19:50:00,21.06772598387206,0.2136852158291687,1.963558774864341,22.90941270762962,395.11437632211255,0.0,0.2,0.0,0.0,1.286391124952264,0.0,260.8184455062079,physics
2025-03-22 19:55:00,21.01743339382367,0.21407595159371784,1.9565317987740238,22.876180904232005,397.7820967752906,0.0,0.2,0.0,0.0,1.316911903564712,0.0,389.5954910183409,physics
2025-03-22 20:00:00,20.943683658292066,0.2133823441760614,1.949406568060978,22.90756507454531,400.220348544363,0.0,0.2,0.0,0.0,1.240147520994009,0.0,358.0277742330973,physics
2025-03-22 20:05:00,20.872614229313054,0.21377836558077634,1.9399322929560916,22.87046840965466,402.2644890209325,0.0,0.2,0.0,0.0,1.316911903564712,0.0,370.897184828098,physics
2025-03-22 20:10:00,20.80240404998323,0.2151107179116736,1.9283006153668285,22.77465061592874,404.2108311479439,0.0,0.2,0.0,0.0,1.2558703463398155,0.0,345.14422304130477,physics
2025-03-22 20:15:00,20.734574381855523,0.21635763473523753,1.9172185328021083,22.685113947884727,405.863260227498,0.0,0.2,0.0,0.0,1.1781810916899471,0.0,316.0538844499621,physics
2025-03-22 20:20:00,20.669211713570757,0.21752284475127878,1.9066798354309604,22.601542140272386,407.25123018567325,0.0,0.2,0.0,0.0,1.1014167091192437,0.0,288.4872861938539,physics
2025-03-22 20:25:00,20.606207293632576,0.21861647187290048,1.8966402709306311,22.52320316733043,408.4213725268578,0.0,0.2,0.0,0.0,1.1939039170357537,0.0,422.3302918597695,physics
2025-03-22 20:30:00,20.51979032929615,0.2194750372479232,1.8844928251732043,22.455798590999162,409.57335325136467,0.0,0.2,0.0,0.0,1.1633831384233055,0.0,401.72094569088597,physics
2025-03-22 20:35:00,20.435861504426757,0.22034154389750996,1.8726825879303937,22.388572419080234,410.5842020028362,0.0,0.2,0.0,0.0,1.1014167091192437,0.0,371.3464751074462,physics
2025-03-22 20:40:00,20.35476098326025,0.2219571008530703,1.8594725471889062,22.27637427686901,411.44842843981684,0.0,0.2,0.0,0.0,1.1476603130774987,0.0,377.73483379929013,physics
2025-03-22 20:45:00,20.27497214756274,0.223538413187541,1.8465729507044992,22.16721449030865,412.26628671432223,0.0,0.2,0.0,0.0,1.1014167091192437,0.0,353.95762067405866,physics
2025-03-22 20:50:00,20.197669279670382,0.22503165916559018,1.834239851850109,22.064465633662802,412.97612346735417,0.0,0.2,0.0,0.0,1.1319374877316921,0.0,391.7865885008893,physics
2025-03-22 20:55:00,20.11398348600172,0.2269056117056453,1.8203616257246378,21.93858440388312,413.63867256372924,0.0,0.2,0.0,0.0,1.2096267423815605,0.0,488.1113599409707,physics
2025-03-22 21:00:00,20.01514722019674,0.22799518840483612,1.806714222635297,21.85766884264691,414.2799085457258,0.0,0.2,0.0,0.0,1.1781810916899471,0.0,464.0586425447954,physics
2025-03-22 21:05:00,19.919175891857833,0.22832045600145584,1.795253476294846,21.822784284669908,414.8415171785727,0.0,0.2,0.0,0.0,1.1014167091192437,0.0,423.5828920613912,physics
2025-03-22 21:10:00,19.826667155122266,0.22947803168601558,1.782314874492387,21.739400347985388,415.31498710967475,0.0,0.2,0.0,0.0,1.0394502798151821,0.0,390.4122682117991,physics
2025-03-22 21:15:00,19.73726311072596,0.2306201684269234,1.7698345345513786,21.65782167890929,415.72080693965694,0.0,0.2,0.0,0.0,1.0551731051609887,0.0,387.03413912207856,physics
2025-03-22 21:20:00,19.64971959821337,0.23233180479888635,1.7563309533831255,21.54374250861096,416.09708105874574,0.0,0.2,0.0,0.0,1.0551731051609887,0.0,377.9680586784003,physics
2025-03-22 21:25:00,19.5642267485404,0.23410546003166563,1.742996152511135,21.427185723146557,416.44026898361534,0.0,0.2,0.0,0.0,1.0708959305067955,0.0,374.59098307065705,physics
