timestamp,temp_before,temp_pred_last,temp_lower_last,temp_upper_last,temp_univariate_outlier,temp_univariate_hit_count,temp_evaluated_count,temp_after,hum_before,hum_pred_last,hum_lower_last,hum_upper_last,hum_univariate_outlier,hum_univariate_hit_count,hum_evaluated_count,hum_after,mahalanobis_d2_last,mahalanobis_threshold,multivariate_outlier,multivariate_hit_count,co2_before,co2_pred_last,co2_lower_last,co2_upper_last,co2_univariate_outlier,co2_univariate_hit_count,co2_evaluated_count,co2_after,temp_correction,hum_correction,co2_correction,any_outlier
2026-06-16 03:40:00,23.4,23.466217408455027,23.207652298954073,23.72478251795598,False,0,1,23.4,56.1,54.42817741091523,52.886867357001904,55.96948746482856,True,1,1,55.96948746482856,7.986500916882801,9.21034037197618,False,0,370,367.33235973957534,362.6122948120056,372.0524246671451,False,0,1,370.0,0.0,-0.1305125351714409,0.0,True
2026-06-16 04:40:00,22.8,22.814131181812265,22.55556607231131,23.072696291313218,False,0,1,22.8,57.83,56.17466836485763,54.6333583109443,57.71597841877096,True,1,1,57.71597841877096,7.661643605079647,9.21034037197618,False,0,372,369.22782172300725,364.5077567954375,373.947886650577,False,0,1,372.0,0.0,-0.11402158122903927,0.0,True
2026-06-16 06:30:00,22.9,22.891659998882893,22.648614249344355,23.134705748421432,False,0,2,22.9,59.1,57.21934875933796,55.73268591269875,58.706011605977174,True,2,2,58.706011605977174,7.208468927283441,9.21034037197618,True,1,381,379.64421010012364,374.79326118125937,384.4951590189879,False,0,2,381.0,0.0,-0.39398839402282704,0.0,True
2026-06-16 09:40:00,31.9,31.770144502856954,31.527098753318416,32.013190252395496,False,0,2,31.9,41.05,41.44095139775407,39.95428855111486,42.92761424439328,False,0,2,41.05,2.2823575608434297,9.21034037197618,False,0,365,369.80919334386283,364.95824442499855,374.6601422627271,True,1,2,365.0675953379122,0.0,0.0,0.06759533791222339,True
2026-06-16 13:00:00,40.4,40.6193838201294,40.36209006685361,40.87667757340519,False,0,3,40.4,27.5,28.713047175032322,27.21698272620476,30.209111623859886,False,0,3,27.5,9.999053523787818,9.21034037197618,True,3,368,365.02760205992024,359.8969441740753,370.15825994576517,False,0,3,368.0,0.0,0.0,0.0,True
2026-06-16 13:05:00,40.3,40.58391989398168,40.32662614070589,40.84121364725747,True,2,3,40.32662614070589,28.73,27.557319253108577,26.061254804281013,29.05338370193614,False,0,3,28.73,10.005969765859415,9.21034037197618,True,2,370,368.32738071421164,363.1967228283667,373.45803860005657,False,0,3,370.0,0.02662614070589342,0.0,0.0,True
2026-06-16 13:25:00,40.35,40.61595584582809,40.3586620925523,40.87324959910388,True,1,3,40.3586620925523,28.1,28.66149869959805,27.165434250770485,30.157563148425613,False,0,3,28.1,8.499282782262375,9.21034037197618,False,0,366,364.0786677911282,358.9480099052833,369.20932567697315,False,0,3,366.0,0.008662092552299328,0.0,0.0,True
2026-06-16 13:35:00,40.5,40.604228489303345,40.346934736027556,40.861522242579134,False,0,3,40.5,28.4,26.782336358296668,25.286271909469104,28.278400807124232,True,2,3,28.153730591288546,6.304554842836521,9.21034037197618,False,0,365,364.40662075241096,359.27596286656603,369.5372786382559,False,0,3,365.0,0.0,-0.2462694087114521,0.0,True
2026-06-16 14:30:00,41.2,40.984438617461194,40.727144864185405,41.24173237073698,True,1,3,41.19299501186982,27.18,26.938986334442475,25.44292188561491,28.43505078327004,False,0,3,27.18,4.7038261268594646,9.21034037197618,False,0,369,369.0007795950746,363.8701217092297,374.13143748091954,False,0,3,369.0,-0.007004988130184131,0.0,0.0,True
2026-06-16 14:40:00,41.3,41.56815747082539,41.3108637175496,41.82545122410118,True,2,3,41.31808340044823,25.83,27.02269210792605,25.526627659098487,28.518756556753615,False,0,3,25.83,11.397389186228235,9.21034037197618,True,3,369,370.7465386083831,365.6158807225382,375.87719649422803,False,0,3,369.0,0.018083400448233533,0.0,0.0,True
2026-06-16 15:05:00,41.63,41.695560381419604,41.452235671388955,41.93888509145025,False,0,4,41.63,26.43,24.95971538364521,23.49262435777258,26.42680640951784,True,2,4,26.404616453797427,6.567263782605741,9.21034037197618,False,0,368,366.4827809102466,361.4113694374408,371.55419238305245,False,0,4,368.0,0.0,-0.02538354620257266,0.0,True
2026-06-16 15:20:00,42.0,42.206962715997264,41.963638005966615,42.45028742602791,False,0,4,42.0,24.87,26.578291614665254,25.111200588792624,28.045382640537884,True,2,4,25.111200588792624,14.546511847920751,9.21034037197618,True,2,374,370.8464158397495,365.7750043669437,375.91782731255535,False,0,4,374.0,0.0,0.24120058879262274,0.0,True
2026-06-16 16:05:00,42.9,42.50671754610867,42.26339283607802,42.75004225613932,True,2,4,42.67218210647559,23.92,24.728520608738233,23.261429582865603,26.195611634610863,False,0,4,23.92,4.505896444851491,9.21034037197618,True,2,373,373.9404380348027,368.86902656199686,379.01184950760853,False,0,4,373.0,-0.22781789352440995,0.0,0.0,True
2026-06-16 16:10:00,43.1,42.65348545741887,42.41016074738822,42.896810167449516,True,3,4,42.88865045879797,24.47,24.150901111968775,22.683810086096145,25.617992137841405,False,0,4,24.47,7.000730870899293,9.21034037197618,True,1,374,372.8218109009998,367.750399428194,377.89322237380566,False,0,4,374.0,-0.21134954120203275,0.0,0.0,True
2026-06-16 16:15:00,43.25,42.83935325178013,42.59602854174948,43.08267796181078,True,2,4,43.05132936214963,23.97,24.537181371737052,23.070090345864422,26.004272397609682,False,0,4,23.97,5.534031183092166,9.21034037197618,True,1,374,373.8589510525628,368.787539579757,378.93036252536865,False,0,4,374.0,-0.19867063785036976,0.0,0.0,True
2026-06-16 16:20:00,43.4,42.98464691391431,42.74132220388366,43.22797162394496,True,4,4,43.22797162394496,23.42,24.13539723872453,22.6683062128519,25.60248826459716,False,0,4,23.42,17.782618083561466,9.21034037197618,True,1,375,373.80172247907177,368.73031100626594,378.8731339518776,False,0,4,375.0,-0.17202837605503873,0.0,0.0,True
2026-06-16 16:35:00,43.6,43.474625246273256,43.23130053624261,43.717949956303904,False,0,4,43.6,23.75,24.252275281549537,22.785184255676906,25.719366307422167,False,0,4,23.75,2.2700088933402465,9.21034037197618,False,0,378,372.9322740245488,367.86086255174297,378.00368549735464,True,1,4,377.35887943969766,0.0,0.0,-0.6411205603023404,True
2026-06-16 17:20:00,41.9,42.20305521212396,41.95973050209331,42.446379922154605,True,2,4,41.98795653116864,23.67,23.43122422228405,21.96413319641142,24.89831524815668,False,0,4,23.67,5.199275695699204,9.21034037197618,True,1,374,371.72456575629667,366.65315428349084,376.7959772291025,False,0,4,374.0,0.08795653116864344,0.0,0.0,True
2026-06-16 20:05:00,33.0,33.0237859303744,32.79719857657187,33.25037328417693,False,0,5,33.0,35.93,35.9903864105539,34.4908282521704,37.4899445689374,False,0,5,35.93,0.09353738523931988,9.21034037197618,False,0,360,365.1895880158371,360.0144507130569,370.36472531861733,True,2,5,360.4377067739322,0.0,0.0,0.4377067739321774,True
2026-06-16 23:30:00,27.53,27.544435561922743,27.317848208120214,27.771022915725272,False,0,5,27.53,45.65,47.31724823373678,45.817690075353276,48.81680639212028,True,2,5,45.842645367106364,6.689576236494103,9.21034037197618,False,0,365,364.23432284147924,359.059185538699,369.40946014425947,False,0,5,365.0,0.0,0.19264536710636548,0.0,True
2026-06-16 23:35:00,27.5,27.477386222672546,27.250798868870017,27.703973576475075,False,0,5,27.5,48.25,46.24848176976551,44.74892361138201,47.74803992814901,True,2,5,47.6694248196274,6.322301219136713,9.21034037197618,True,1,364,365.40752879144827,360.23239148866804,370.5826660942285,False,0,5,364.0,0.0,-0.5805751803725983,0.0,True
2026-06-17 01:35:00,25.3,25.378133133453378,25.15748339632259,25.598782870584166,False,0,5,25.3,53.12,52.87889552730572,51.23829362766685,54.519497426944596,False,0,5,53.12,0.8992886528463653,9.21034037197618,False,0,361,365.77651331564294,360.68080947971004,370.87221715157585,True,1,5,361.2505423397154,0.0,0.0,0.25054233971542317,True
2026-06-17 04:00:00,23.8,23.899754284675293,23.679104547544505,24.12040402180608,False,0,5,23.8,55.75,57.39662629802289,55.756024398384014,59.03722819766176,True,3,5,55.97515295763332,7.1552265764623275,9.21034037197618,False,0,372,370.9495557580929,365.85385192216,376.0452595940258,False,0,5,372.0,0.0,0.22515295763331977,0.0,True
2026-06-17 04:10:00,23.7,23.806892126510213,23.586242389379425,24.027541863641,False,0,5,23.7,58.65,57.078728178059926,55.43812627842105,58.7193300776988,True,2,5,58.59393829946002,6.5424199896296305,9.21034037197618,False,0,374,374.1352930441264,369.0395892081935,379.2309968800593,False,0,5,374.0,0.0,-0.05606170053997772,0.0,True
2026-06-17 04:50:00,23.4,23.386596551698222,23.165946814567434,23.60724628882901,False,0,5,23.4,57.38,58.81418601917943,57.173584119540564,60.4547879188183,True,2,5,57.48097703255009,4.396675261457828,9.21034037197618,False,0,383,379.71908597867946,374.62338214274655,384.81478981461237,False,0,5,383.0,0.0,0.10097703255009094,0.0,True
2026-06-17 05:05:00,23.3,23.29373439353314,23.07308465640235,23.514384130663927,False,0,4,23.3,59.15,59.31222781777002,57.671625918131156,60.95282971740889,False,0,4,59.15,0.06644383452310007,9.21034037197618,False,0,388,381.7604079889342,376.6647041530013,386.8561118248671,True,2,4,386.71715647229246,0.0,0.0,-1.2828435277075414,True
2026-06-17 05:35:00,23.5,23.44693312442877,23.226283387297983,23.66758286155956,False,0,4,23.5,57.08,58.82363361327094,57.183031713632076,60.46423551290981,True,1,4,57.38582547449321,5.199686517578395,9.21034037197618,True,1,386,386.89277067124056,381.79706683530765,391.98847450717346,False,0,4,386.0,0.0,0.3058254744932114,0.0,True
2026-06-17 06:25:00,24.5,24.536196966208628,24.340241480149537,24.73215245226772,False,0,5,24.5,56.3,54.758589025688565,53.09065816068031,56.42651989069682,True,1,5,56.29801350932897,5.7086900469537305,9.21034037197618,False,0,381,384.9646620029118,379.8675861961975,390.06173780962604,False,0,5,381.0,0.0,-0.001986490671029628,0.0,True
2026-06-17 06:40:00,24.9,24.947879017112946,24.751923531053855,25.143834503172037,False,0,5,24.9,56.45,56.253499431257616,54.585568566249364,57.92143029626587,False,0,5,56.45,0.45441972819552645,9.21034037197618,False,0,375,383.37709432108534,378.2800185143711,388.4741701277996,True,4,5,378.2800185143711,0.0,0.0,3.280018514371079,True
2026-06-17 08:25:00,28.7,28.905450062717446,28.709494576658354,29.101405548776537,True,1,5,28.709494576658354,47.98,47.63253363876897,45.96460277376072,49.30046450377722,False,0,5,47.98,7.364599232887838,9.21034037197618,False,0,361,362.0986093627234,357.0015335560091,367.19568516943764,False,0,5,361.0,0.009494576658354958,0.0,0.0,True
2026-06-17 08:45:00,30.0,29.83449276660494,29.638537280545847,30.03044825266403,True,1,5,29.983486157674903,46.98,46.971116806809356,45.303185941801104,48.63904767181761,False,0,5,46.98,3.880485647435213,9.21034037197618,False,0,365,363.0907989035392,357.99372309682497,368.1878747102535,False,0,5,365.0,-0.01651384232509656,0.0,0.0,True
2026-06-17 11:20:00,38.1,37.9064385222753,37.7011282348248,38.1117488097258,True,1,5,38.0957962542412,37.53,37.12959198018365,35.28390681764936,38.975277142717935,False,0,5,37.53,6.33104443470144,9.21034037197618,False,0,359,360.25918471513177,355.31543791776227,365.20293151250127,False,0,5,359.0,-0.004203745758800892,0.0,0.0,True
2026-06-17 11:25:00,38.6,38.35537714852942,38.15006686107892,38.56068743597992,True,2,5,38.56068743597992,37.85,37.13784603080345,35.292160868269164,38.98353119333774,False,0,5,37.85,8.570059156602685,9.21034037197618,True,1,364,359.2764371093743,354.3326903120048,364.2201839067438,False,0,5,364.0,-0.03931256402007932,0.0,0.0,True
2026-06-17 11:30:00,39.07,38.83077085900699,38.62546057155649,39.03608114645749,True,2,5,39.03608114645749,36.1,37.39775588544795,35.55207072291366,39.24344104798224,False,0,5,36.1,10.651745336097884,9.21034037197618,True,2,363,364.3513906841186,359.4076438867491,369.2951374814881,False,0,5,363.0,-0.03391885354250945,0.0,0.0,True
2026-06-17 11:45:00,40.3,40.14055341924736,39.93524313179686,40.34586370669786,False,0,5,40.3,34.37,36.18144548079426,34.33576031825997,38.02713064332855,True,2,5,34.48742269709136,8.643560191243196,9.21034037197618,True,1,367,367.32539922354306,362.38165242617356,372.26914602091256,False,0,5,367.0,0.0,0.11742269709136366,0.0,True
2026-06-17 12:45:00,41.8,42.03399064534203,41.82868035789153,42.23930093279253,True,3,5,41.82868035789153,31.17,30.78977734480655,28.944092182272264,32.63546250734083,False,0,5,31.17,7.324914175282048,9.21034037197618,False,0,370,373.7721368325439,368.8283900351744,378.7158836299134,False,0,5,370.0,0.028680357891531116,0.0,0.0,True
2026-06-17 12:50:00,41.8,42.02595408427632,41.82064379682582,42.23126437172682,True,3,5,41.82212674510398,30.1,30.795588220881392,28.949903058347108,32.64127338341568,False,0,5,30.1,8.136733346167864,9.21034037197618,True,1,370,369.9428965622875,364.999149764918,374.886643359657,False,0,5,370.0,0.02212674510398216,0.0,0.0,True
2026-06-17 13:00:00,41.8,42.170252875540946,41.964942588090445,42.37556316299145,True,1,5,41.97819064506774,29.28,30.061213132460328,28.215527969926043,31.906898294994612,False,0,5,29.28,7.676428576164468,9.21034037197618,True,1,370,370.98795577705863,366.04420897968913,375.93170257442813,False,0,5,370.0,0.17819064506774396,0.0,0.0,True
2026-06-17 13:40:00,41.8,42.069515459777406,41.864205172326905,42.27482574722791,True,2,5,41.870063053852036,28.7,28.300096911760612,26.454411749226328,30.145782074294896,False,0,5,28.7,6.340514054889296,9.21034037197618,True,1,371,371.830136570186,366.8863897728165,376.7738833675555,False,0,5,371.0,0.07006305385203859,0.0,0.0,True
2026-06-17 13:45:00,41.9,42.12102923978498,41.91571895233448,42.32633952723548,True,3,5,41.91571895233448,28.7,28.315308209800445,26.46962304726616,30.16099337233473,False,0,5,28.7,7.408380714105635,9.21034037197618,False,0,371,370.8413542630465,365.897607465677,375.785101060416,False,0,5,371.0,0.015718952334481173,0.0,0.0,True
2026-06-17 13:50:00,41.98,42.200261993603384,41.99495170615288,42.405572281053885,True,4,5,41.99495170615288,28.53,28.217914977415013,26.37222981488073,30.063600139949298,False,0,5,28.53,6.778677561971611,9.21034037197618,False,0,372,370.8826186197749,365.9388718224054,375.8263654171444,False,0,5,372.0,0.014951706152885436,0.0,0.0,True
2026-06-17 13:55:00,42.1,41.91202009286846,41.70670980541796,42.11733038031896,True,1,5,42.0716641268047,27.9,28.48135937842448,26.635674215890194,30.327044540958763,False,0,5,27.9,4.361649212198738,9.21034037197618,False,0,370,371.8421324957807,366.8983856984112,376.7858792931502,False,0,5,370.0,-0.028335873195302952,0.0,0.0,True
2026-06-17 15:05:00,42.83,43.03322808895212,42.82791780150162,43.23853837640262,True,2,4,42.877204193849195,26.48,26.208930423578575,24.36324526104429,28.05461558611286,False,0,4,26.48,3.8576468962169406,9.21034037197618,False,0,373,372.85268317502266,367.90893637765316,377.79642997239216,False,0,4,373.0,0.04720419384919694,0.0,0.0,True
2026-06-17 15:40:00,42.3,42.05961236145441,41.85430207400391,42.264922648904914,True,2,4,42.245094022979345,27.65,27.82482087572638,25.979135713192097,29.670506038260665,False,0,4,27.65,5.415447648307333,9.21034037197618,True,1,374,373.6980889119522,368.7543421145827,378.6418357093217,False,0,4,374.0,-0.054905977020652585,0.0,0.0,True
2026-06-17 19:05:00,32.7,32.90946710480833,32.72067889190359,33.09825531771307,True,1,5,32.72067889190359,48.58,49.07101773784288,47.179235007461536,50.96280046822422,False,0,5,48.58,9.106564138722009,9.21034037197618,False,0,359,361.0769547485254,356.1614818460721,365.9924276509787,False,0,5,359.0,0.02067889190358585,0.0,0.0,True
2026-06-17 19:45:00,31.1,31.120007961586992,30.931219748682253,31.308796174491732,False,0,5,31.1,51.75,53.77562512444078,51.883842394059435,55.66740785482212,True,1,5,52.107915070952316,5.416479123167252,9.21034037197618,True,1,362,361.3201640987898,356.4046911963365,366.2356370012431,False,0,5,362.0,0.0,0.3579150709523162,0.0,True
2026-06-17 20:45:00,29.6,29.61380112097772,29.42501290807298,29.80258933388246,False,0,4,29.6,55.7,56.03895491581631,54.14717218543497,57.930737646197656,False,0,4,55.7,0.2692695806796258,9.21034037197618,False,0,358,364.3893878933378,359.4739149908845,369.3048607957911,True,4,4,359.4739149908845,0.0,0.0,1.4739149908845093,True
2026-06-17 21:25:00,29.0,29.013391245008197,28.796234733348108,29.230547756668287,False,0,5,29.0,60.0,58.713076683697516,56.815272229520744,60.61088113787429,True,1,5,59.893899186884695,2.5686311815704483,9.21034037197618,False,0,364,361.84332238193434,357.04225876894816,366.6443859949205,False,0,5,364.0,0.0,-0.1061008131153045,0.0,True
2026-06-17 22:10:00,28.5,28.430332575987183,28.213176064327094,28.647489087647273,False,0,5,28.5,62.47,61.05688221255537,59.1590777583786,62.954686666732144,True,1,5,62.44729947269515,4.605531822214996,9.21034037197618,False,0,364,362.67949135893576,357.8784277459496,367.48055497192195,False,0,5,364.0,0.0,-0.02270052730484906,0.0,True
2026-06-18 00:00:00,27.5,27.464597750656136,27.247441238996046,27.681754262316225,False,0,5,27.5,64.42,62.98384993603629,61.08604548185952,64.88165439021307,True,1,5,64.23188691991707,3.2218720241892393,9.21034037197618,False,0,365,366.67339140510813,361.87232779212195,371.4744550180943,False,0,5,365.0,0.0,-0.18811308008292826,0.0,True
2026-06-18 00:35:00,26.9,27.01216370605696,26.79500719439687,27.22932021771705,False,0,5,26.9,65.55,63.958364578930286,62.060560124753515,65.85616903310707,True,1,5,65.2472788185615,4.405989652785176,9.21034037197618,True,1,371,371.6473965203638,366.84633290737764,376.44846013335,False,0,5,371.0,0.0,-0.3027211814384998,0.0,True
2026-06-18 00:45:00,26.8,26.7907598118914,26.573603300231312,27.00791632355149,False,0,5,26.8,64.27,66.20322866702537,64.30542421284859,68.10103312120215,True,2,5,64.50138342779304,5.350802512676223,9.21034037197618,False,0,369,373.205433764727,368.4043701517408,378.0064973777132,False,0,5,369.0,0.0,0.2313834277930482,0.0,True
2026-06-18 05:55:00,26.1,26.122431578345097,25.905275066685007,26.339588090005186,False,0,4,26.1,68.35,66.57049818673161,64.67269373255483,68.46830264090839,True,1,4,68.18973634028367,4.832063850279828,9.21034037197618,False,0,396,399.48919666514206,394.6881330521559,404.29026027812824,False,0,4,396.0,0.0,-0.16026365971632117,0.0,True
2026-06-18 06:35:00,26.2,26.21812648556019,26.0009699739001,26.43528299722028,False,0,3,26.2,69.28,66.78821357542787,64.8904091212511,68.68601802960465,True,1,3,68.64100666199117,6.325399246833227,9.21034037197618,True,1,392,393.6096492161968,388.8085856032106,398.41071282918296,False,0,3,392.0,0.0,-0.6389933380088308,0.0,True
2026-06-18 07:15:00,26.2,26.234020838596397,26.016864326936307,26.451177350256486,False,0,3,26.2,70.0,67.52248621578786,65.62468176161109,69.42029066996464,True,1,3,69.411723354348,6.596379994695357,9.21034037197618,True,1,393,394.5941931816566,389.7931295686704,399.39525679464276,False,0,3,393.0,0.0,-0.5882766456520017,0.0,True
2026-06-18 09:25:00,31.0,30.69667799207386,30.47952148041377,30.91383450373395,True,2,3,30.887115759056794,59.65,59.980361795709904,58.08255734153313,61.878166249886675,False,0,3,59.65,5.151828924269422,9.21034037197618,True,2,373,371.5955929399447,366.7945293269585,376.3966565529309,False,0,3,373.0,-0.11288424094320604,0.0,0.0,True
2026-06-18 10:15:00,33.85,33.580007008164124,33.36285049650403,33.79716351982422,True,1,3,33.79716351982422,53.02,53.689895319092074,51.7920908649153,55.587699773268845,False,0,3,53.02,10.603724544158897,9.21034037197618,True,1,367,365.7333222020961,360.9322585891099,370.53438581508226,False,0,3,367.0,-0.05283648017578457,0.0,0.0,True
2026-06-18 10:25:00,34.5,34.24286947879296,34.02571296713287,34.460025990453055,True,2,3,34.42717898670752,51.97,52.274711030647204,50.37690657647043,54.172515484823975,False,0,3,51.97,4.817216785628577,9.21034037197618,True,1,367,366.73659260765675,361.93552899467056,371.53765622064293,False,0,3,367.0,-0.07282101329248292,0.0,0.0,True
2026-06-18 10:30:00,34.6,34.39458577910674,34.17742926744665,34.611742290766834,False,0,3,34.6,50.7,51.78286376350309,49.885059309326316,53.68066821767986,False,0,3,50.7,7.450571309351224,9.21034037197618,False,0,372,366.6925360320658,361.8914724190796,371.493599645052,True,3,3,371.493599645052,0.0,0.0,-0.5064003549480276,True
2026-06-18 12:00:00,36.3,36.57011811319486,36.352961601534766,36.78727462485495,True,1,2,36.364728240002535,46.03,45.76706440099288,43.86925994681611,47.66486885516965,False,0,2,46.03,5.9478602267602145,9.21034037197618,True,1,365,366.0067574448545,361.2056938318683,370.80782105784067,False,0,2,365.0,0.06472824000253752,0.0,0.0,True
2026-06-18 12:35:00,39.1,38.784475251859824,38.56731874019973,39.00163176351992,True,1,2,38.97335687304212,40.8,42.71776142417611,40.81995696999934,44.61556587835288,True,1,2,40.88010009498492,10.217757236040061,9.21034037197618,True,2,368,366.6072943617527,361.8062307487665,371.40835797473886,False,0,2,368.0,-0.12664312695788027,0.0801000949849211,0.0,True
2026-06-18 12:40:00,39.2,38.949676466318,38.73251995465791,39.166832977978096,True,1,2,39.166832977978096,40.02,40.765744313780935,38.867939859604164,42.66354876795771,False,0,2,40.02,9.329766595455974,9.21034037197618,True,1,370,367.65408916680985,362.85302555382367,372.45515277979604,False,0,2,370.0,-0.03316702202190669,0.0,0.0,True
2026-06-18 13:40:00,40.6,40.90285134624351,40.685694834583416,41.1200078579036,True,2,2,40.685694834583416,37.43,37.426259413463626,35.528454959286854,39.3240638676404,False,0,2,37.43,7.921816558242634,9.21034037197618,True,1,371,370.0267946300246,365.2257310170384,374.8278582430108,False,0,2,371.0,0.08569483458341409,0.0,0.0,True
2026-06-18 13:50:00,40.7,40.910839217633644,40.69368270597355,41.12799572929374,True,1,2,40.71395670183394,37.0,37.725364073288354,35.82755961911158,39.623168527465126,False,0,2,37.0,6.957391517849543,9.21034037197618,False,0,371,373.9690781651198,369.1680145521336,378.770141778106,False,0,2,371.0,0.013956701833940599,0.0,0.0,True
2026-06-18 14:15:00,41.3,41.27437313100257,41.057216619342476,41.49152964266266,False,0,2,41.3,37.75,35.680963674996875,33.7831592208201,37.578768129173646,True,2,2,37.578768129173646,7.698371677567907,9.21034037197618,True,1,371,371.08751392551494,366.28645031252876,375.8885775385011,False,0,2,371.0,0.0,-0.17123187082635383,0.0,True
2026-06-18 16:00:00,42.8,42.599016546333296,42.3818600346732,42.81617305799339,False,0,1,42.8,32.95,31.25898833452794,29.361183880351163,33.15679278870471,False,0,1,32.95,12.178135841274184,9.21034037197618,True,1,372,369.94485387160285,365.14379025861666,374.74591748458903,False,0,1,372.0,0.0,0.0,0.0,True
2026-06-18 16:05:00,43.1,42.79589679499572,42.57874028333563,43.01305330665581,True,1,1,43.01305330665581,32.15,32.86191176976399,30.964107315587217,34.759716223940764,False,0,1,32.15,13.378458244457299,9.21034037197618,True,1,373,371.79655043658704,366.99548682360086,376.5976140495732,False,0,1,373.0,-0.08694669334418847,0.0,0.0,True
2026-06-18 16:15:00,43.4,43.163572427814145,42.94641591615405,43.38072893947424,True,1,1,43.38072893947424,31.92,30.893905151286603,28.996100697109828,32.791709605463375,False,0,1,31.92,10.700549679340078,9.21034037197618,True,1,375,372.9678699077028,368.1668062947166,377.76893352068896,False,0,1,375.0,-0.01927106052576022,0.0,0.0,True
2026-06-18 19:30:00,36.3,36.31820624697026,36.10104973531017,36.535362758630356,False,0,1,36.3,42.17,42.57141199551208,40.67360754133531,44.46921644968885,False,0,1,42.17,0.3709625361283101,9.21034037197618,False,0,364,359.1250085671592,354.32394495417304,363.9260721801454,True,1,1,363.9260721801454,0.0,0.0,-0.07392781985458896,True
