crop,feature_variant,model,baseline_only,deployment_eligible,horizon,validation_window_count,physical_violation_rate,nan_inf_count,target,drift_slope_nmae,drift_slope_nmae_median,drift_slope_nmae_q90,drift_slope_nmae_cvar90
strawberry,with_quality_flags,persistence,True,False,15min,1441,0,0,all_targets,0.01412350668,0.009871447125,0.03014864114,0.0631682941
strawberry,with_quality_flags,persistence,True,False,15min,1441,0,0,indoor_temperature,0.02344221197,0.01584364122,0.05149183397,0.09912584981
strawberry,with_quality_flags,persistence,True,False,15min,1441,0,0,indoor_humidity,0.01554370674,0.01141069515,0.0456427806,0.07959451707
strawberry,with_quality_flags,persistence,True,False,15min,1441,0,0,indoor_co2,0.003384601318,3.351277528e-19,0.008752941566,0.0487782202
strawberry,with_quality_flags,persistence,True,False,30min,1441,0,0,all_targets,0.01476656912,0.009328386525,0.02840528721,0.06409576165
strawberry,with_quality_flags,persistence,True,False,30min,1441,0,0,indoor_temperature,0.02115390463,0.01380660163,0.04934162551,0.0778852809
strawberry,with_quality_flags,persistence,True,False,30min,1441,0,0,indoor_humidity,0.01630038504,0.01073827919,0.03816470003,0.07042169533
strawberry,with_quality_flags,persistence,True,False,30min,1441,0,0,indoor_co2,0.006845417682,0.0008336134824,0.005501848984,0.06674034991
strawberry,with_quality_flags,persistence,True,False,60min,1441,0,0,all_targets,0.01291926151,0.008448422051,0.02643099441,0.05114086755
strawberry,with_quality_flags,persistence,True,False,60min,1441,0,0,indoor_temperature,0.01860789411,0.0118328733,0.04650053301,0.06897865839
strawberry,with_quality_flags,persistence,True,False,60min,1441,0,0,indoor_humidity,0.01530971538,0.01009407648,0.03458866967,0.06033845309
strawberry,with_quality_flags,persistence,True,False,60min,1441,0,0,indoor_co2,0.004840175036,0.0007345125789,0.004978363035,0.04214713034
strawberry,with_quality_flags,linear_svr,False,False,15min,1441,0,0,all_targets,0.01094505919,0.00736010864,0.02294851132,0.05572581175
strawberry,with_quality_flags,linear_svr,False,False,15min,1441,0,0,indoor_temperature,0.01759042804,0.01117272958,0.03863386381,0.08075469818
strawberry,with_quality_flags,linear_svr,False,False,15min,1441,0,0,indoor_humidity,0.01188558683,0.008128884726,0.03783463294,0.07176438987
strawberry,with_quality_flags,linear_svr,False,False,15min,1441,0,0,indoor_co2,0.003359162692,0.0005818520186,0.008183556693,0.0510147826
strawberry,with_quality_flags,linear_svr,False,False,30min,1441,0,0,all_targets,0.01167596529,0.006980716953,0.02269144583,0.05611692669
strawberry,with_quality_flags,linear_svr,False,False,30min,1441,0,0,indoor_temperature,0.01522938261,0.01045021313,0.03501126234,0.0595188911
strawberry,with_quality_flags,linear_svr,False,False,30min,1441,0,0,indoor_humidity,0.0130372962,0.007387935728,0.03169329096,0.06525768587
strawberry,with_quality_flags,linear_svr,False,False,30min,1441,0,0,indoor_co2,0.006761217064,0.0008834103403,0.005257492629,0.06639009207
strawberry,with_quality_flags,linear_svr,False,False,60min,1441,0.0005011951577,0,all_targets,0.01156781454,0.007021081254,0.02329409979,0.05044255414
strawberry,with_quality_flags,linear_svr,False,False,60min,1441,0.0005011951577,0,indoor_temperature,0.013374448,0.008912678102,0.0304378816,0.05375332769
strawberry,with_quality_flags,linear_svr,False,False,60min,1441,0.0005011951577,0,indoor_humidity,0.01660857855,0.009184301907,0.03867336426,0.07995659397
strawberry,with_quality_flags,linear_svr,False,False,60min,1441,0.0005011951577,0,indoor_co2,0.004720417068,0.000687739585,0.004754253016,0.04175324649
strawberry,with_quality_flags,knn,False,True,15min,1441,0,0,all_targets,0.01288745276,0.007402026386,0.02488660659,0.07503510255
strawberry,with_quality_flags,knn,False,True,15min,1441,0,0,indoor_temperature,0.01848249414,0.009279847001,0.03734572573,0.1044876431
strawberry,with_quality_flags,knn,False,True,15min,1441,0,0,indoor_humidity,0.01349236325,0.009076689324,0.04279010681,0.07244450038
strawberry,with_quality_flags,knn,False,True,15min,1441,0,0,indoor_co2,0.006687500892,0.001326203268,0.009548663526,0.08487429507
strawberry,with_quality_flags,knn,False,True,30min,1441,0,0,all_targets,0.01367830828,0.007678862515,0.02177038297,0.0755891841
strawberry,with_quality_flags,knn,False,True,30min,1441,0,0,indoor_temperature,0.01823434759,0.009150511154,0.03426753258,0.0933870741
strawberry,with_quality_flags,knn,False,True,30min,1441,0,0,indoor_humidity,0.01339114729,0.00922488017,0.0333911024,0.06094432861
strawberry,with_quality_flags,knn,False,True,30min,1441,0,0,indoor_co2,0.009409429949,0.001227685311,0.00679016073,0.1004156414
strawberry,with_quality_flags,knn,False,True,60min,1441,0,0,all_targets,0.01139743828,0.006866571666,0.01911687127,0.05489531681
strawberry,with_quality_flags,knn,False,True,60min,1441,0,0,indoor_temperature,0.01523712344,0.008791558957,0.03089510038,0.07137664853
strawberry,with_quality_flags,knn,False,True,60min,1441,0,0,indoor_humidity,0.01176921151,0.008212318285,0.02973613192,0.04649843109
strawberry,with_quality_flags,knn,False,True,60min,1441,0,0,indoor_co2,0.007185979888,0.001146284782,0.005649811403,0.07154413474
strawberry,with_quality_flags,extra_trees,False,True,15min,1441,0,0,all_targets,0.01592772809,0.007512661256,0.02534986858,0.1178706672
strawberry,with_quality_flags,extra_trees,False,True,15min,1441,0,0,indoor_temperature,0.01459626242,0.008354532249,0.03188310588,0.07627215484
strawberry,with_quality_flags,extra_trees,False,True,15min,1441,0,0,indoor_humidity,0.01087969301,0.006885143072,0.03735721149,0.06442772374
strawberry,with_quality_flags,extra_trees,False,True,15min,1441,0,0,indoor_co2,0.02230722885,0.002229739108,0.02630972032,0.2655176638
strawberry,with_quality_flags,extra_trees,False,True,30min,1441,0,0,all_targets,0.01150837007,0.006753581313,0.02098257196,0.06150176963
strawberry,with_quality_flags,extra_trees,False,True,30min,1441,0,0,indoor_temperature,0.01332054952,0.007856803587,0.0295779523,0.0588335315
strawberry,with_quality_flags,extra_trees,False,True,30min,1441,0,0,indoor_humidity,0.01193762052,0.007597546915,0.03005069638,0.054368447
strawberry,with_quality_flags,extra_trees,False,True,30min,1441,0,0,indoor_co2,0.009266940164,0.001674627937,0.01023110961,0.1053215234
strawberry,with_quality_flags,extra_trees,False,True,60min,1441,0,0,all_targets,0.008771885119,0.006099065967,0.01812748825,0.03649126328
strawberry,with_quality_flags,extra_trees,False,True,60min,1441,0,0,indoor_temperature,0.01148701014,0.006965857978,0.02590533181,0.04863374757
strawberry,with_quality_flags,extra_trees,False,True,60min,1441,0,0,indoor_humidity,0.01070783146,0.007359167407,0.02683868339,0.04102569627
strawberry,with_quality_flags,extra_trees,False,True,60min,1441,0,0,indoor_co2,0.004120813759,0.001145595221,0.007186351814,0.04485661109
strawberry,with_quality_flags,lightgbm,False,True,15min,1441,0,0,all_targets,0.01516234483,0.008511490119,0.02606176018,0.09234072691
strawberry,with_quality_flags,lightgbm,False,True,15min,1441,0,0,indoor_temperature,0.01452556161,0.007350531369,0.02962994998,0.07892719262
strawberry,with_quality_flags,lightgbm,False,True,15min,1441,0,0,indoor_humidity,0.01080792647,0.006754717004,0.03825256124,0.06804987578
strawberry,with_quality_flags,lightgbm,False,True,15min,1441,0,0,indoor_co2,0.02015354643,0.003594671836,0.04046222717,0.1783977118
strawberry,with_quality_flags,lightgbm,False,True,30min,1441,0,0,all_targets,0.01496723101,0.0075906866,0.02351236213,0.08380119861
strawberry,with_quality_flags,lightgbm,False,True,30min,1441,0,0,indoor_temperature,0.01260147569,0.007035101065,0.0291402039,0.0576565728
strawberry,with_quality_flags,lightgbm,False,True,30min,1441,0,0,indoor_humidity,0.011742841,0.007220852238,0.02895764429,0.05747620788
strawberry,with_quality_flags,lightgbm,False,True,30min,1441,0,0,indoor_co2,0.02055737635,0.002471111995,0.03461504877,0.1722371392
strawberry,with_quality_flags,lightgbm,False,True,60min,1441,0,0,all_targets,0.01165610026,0.006618610286,0.02080801018,0.05704198237
strawberry,with_quality_flags,lightgbm,False,True,60min,1441,0,0,indoor_temperature,0.01104662781,0.006343862761,0.02569384723,0.0480562211
strawberry,with_quality_flags,lightgbm,False,True,60min,1441,0,0,indoor_humidity,0.01030897717,0.006880765923,0.02487581235,0.04238160256
strawberry,with_quality_flags,lightgbm,False,True,60min,1441,0,0,indoor_co2,0.0136126958,0.001790660183,0.02541921814,0.1110683149
strawberry,with_quality_flags,xgboost,False,False,15min,1441,0,0,all_targets,0.01342269832,0.006449079947,0.02112199774,0.09710310578
strawberry,with_quality_flags,xgboost,False,False,15min,1441,0,0,indoor_temperature,0.01314768983,0.007291876687,0.02702264078,0.07880092229
strawberry,with_quality_flags,xgboost,False,False,15min,1441,0,0,indoor_humidity,0.01444061401,0.008041105317,0.04526151546,0.09194993627
strawberry,with_quality_flags,xgboost,False,False,15min,1441,0,0,indoor_co2,0.01267979112,0.0009719516401,0.009574515272,0.1644715557
strawberry,with_quality_flags,xgboost,False,False,30min,1441,0,0,all_targets,0.01329269471,0.00611004598,0.01959561825,0.08623102262
strawberry,with_quality_flags,xgboost,False,False,30min,1441,0,0,indoor_temperature,0.01185485997,0.007280059112,0.02705315986,0.05491190332
strawberry,with_quality_flags,xgboost,False,False,30min,1441,0,0,indoor_humidity,0.01426401241,0.007498132612,0.03821320803,0.07381123115
strawberry,with_quality_flags,xgboost,False,False,30min,1441,0,0,indoor_co2,0.01375921176,0.001025999969,0.005907763876,0.1546876425
strawberry,with_quality_flags,xgboost,False,False,60min,1441,1.927673683e-05,0,all_targets,0.009604050429,0.005596806711,0.01808002754,0.04701581848
strawberry,with_quality_flags,xgboost,False,False,60min,1441,1.927673683e-05,0,indoor_temperature,0.009652962602,0.006333621166,0.02311782722,0.03837294333
strawberry,with_quality_flags,xgboost,False,False,60min,1441,1.927673683e-05,0,indoor_humidity,0.01306832482,0.007732577462,0.03252547021,0.05967412686
strawberry,with_quality_flags,xgboost,False,False,60min,1441,1.927673683e-05,0,indoor_co2,0.006090863866,0.0007996241722,0.005068128548,0.06930338178
strawberry,with_quality_flags,mlp,False,False,15min,1441,0,0,all_targets,-0.01197406848,0.009684099532,0.02557866457,0.08515810865
strawberry,with_quality_flags,mlp,False,False,15min,1441,0,0,indoor_temperature,0.01649446494,0.01108746106,0.03750058253,0.09430932237
strawberry,with_quality_flags,mlp,False,False,15min,1441,0,0,indoor_humidity,0.01567817119,0.01435533723,0.05127758613,0.07444026967
strawberry,with_quality_flags,mlp,False,False,15min,1441,0,0,indoor_co2,-0.06809484158,0.0007598289372,0.009512770503,0.1530419221
strawberry,with_quality_flags,mlp,False,False,30min,1441,0,0,all_targets,0.003166017236,0.009821922953,0.02351244756,0.05691921636
strawberry,with_quality_flags,mlp,False,False,30min,1441,0,0,indoor_temperature,0.01438312856,0.0103368952,0.03469964521,0.06118246071
strawberry,with_quality_flags,mlp,False,False,30min,1441,0,0,indoor_humidity,0.01859114547,0.01473747053,0.04548200404,0.06725412234
strawberry,with_quality_flags,mlp,False,False,30min,1441,0,0,indoor_co2,-0.02347622233,0.0009265516337,0.006025430333,0.08516252496
strawberry,with_quality_flags,mlp,False,False,60min,1441,0.0003662579998,0,all_targets,0.009678336785,0.009674829291,0.02263997906,0.04149095513
strawberry,with_quality_flags,mlp,False,False,60min,1441,0.0003662579998,0,indoor_temperature,0.01228442801,0.008545035299,0.0280365638,0.04786257597
strawberry,with_quality_flags,mlp,False,False,60min,1441,0.0003662579998,0,indoor_humidity,0.02222103137,0.01624870231,0.04573385102,0.08116693697
strawberry,with_quality_flags,mlp,False,False,60min,1441,0.0003662579998,0,indoor_co2,-0.005470449029,0.0007126330791,0.005302660841,0.04248564413
melon,with_quality_flags,persistence,True,False,15min,483,0,0,all_targets,0.01367547967,0.0125462847,0.04018723685,0.05811271963
melon,with_quality_flags,persistence,True,False,15min,483,0,0,indoor_temperature,0.0183982622,0.01124417835,0.04705256171,0.06054557574
melon,with_quality_flags,persistence,True,False,15min,483,0,0,indoor_humidity,0.01509745751,0.01116429662,0.05135576444,0.07937368323
melon,with_quality_flags,persistence,True,False,15min,483,0,0,indoor_co2,0.007530719283,8.942265287e-18,0.05159343849,0.09323024851
melon,with_quality_flags,persistence,True,False,30min,483,0,0,all_targets,0.0161485861,0.01272651921,0.0369798495,0.05043894624
melon,with_quality_flags,persistence,True,False,30min,483,0,0,indoor_temperature,0.01823729851,0.01260336474,0.04538199807,0.05826900157
melon,with_quality_flags,persistence,True,False,30min,483,0,0,indoor_humidity,0.01597715522,0.01028391208,0.04160008308,0.06417042402
melon,with_quality_flags,persistence,True,False,30min,483,0,0,indoor_co2,0.01423130457,0.008844589456,0.04569704552,0.07075671565
melon,with_quality_flags,persistence,True,False,60min,483,0,0,all_targets,0.01612667175,0.01258000584,0.03345954069,0.04595970044
melon,with_quality_flags,persistence,True,False,60min,483,0,0,indoor_temperature,0.01773312657,0.01221798831,0.04300731885,0.05423117915
melon,with_quality_flags,persistence,True,False,60min,483,0,0,indoor_humidity,0.01638920489,0.01211365219,0.03794424325,0.0547379074
melon,with_quality_flags,persistence,True,False,60min,483,0,0,indoor_co2,0.01425768377,0.009561021819,0.03925430845,0.05790732083
melon,with_quality_flags,linear_regression,False,False,15min,483,0,0,all_targets,0.04315918102,0.04112743002,0.09003190716,0.1020000433
melon,with_quality_flags,linear_regression,False,False,15min,483,0,0,indoor_temperature,0.01514587848,0.01310000193,0.03320593252,0.04320302246
melon,with_quality_flags,linear_regression,False,False,15min,483,0,0,indoor_humidity,0.03260100883,0.01629379702,0.1089705171,0.1654495582
melon,with_quality_flags,linear_regression,False,False,15min,483,0,0,indoor_co2,0.08173065576,0.06803858964,0.2059556766,0.2430682298
melon,with_quality_flags,linear_regression,False,False,30min,483,0,0,all_targets,0.07022384011,0.05563205024,0.1505968432,0.2290065039
melon,with_quality_flags,linear_regression,False,False,30min,483,0,0,indoor_temperature,0.01893747103,0.01645040769,0.04167246934,0.05188320143
melon,with_quality_flags,linear_regression,False,False,30min,483,0,0,indoor_humidity,0.08811174596,0.02562118717,0.2797321445,0.3885873566
melon,with_quality_flags,linear_regression,False,False,30min,483,0,0,indoor_co2,0.1036223033,0.09103921257,0.2178410313,0.30585467
melon,with_quality_flags,linear_regression,False,False,60min,483,0.02219921785,0,all_targets,0.3824961265,0.0684003438,1.51209574,2.314684645
melon,with_quality_flags,linear_regression,False,False,60min,483,0.02219921785,0,indoor_temperature,0.04516993323,0.02342977871,0.1223954083,0.1951314548
melon,with_quality_flags,linear_regression,False,False,60min,483,0.02219921785,0,indoor_humidity,0.3596134471,0.03233400554,1.335750093,2.028955576
melon,with_quality_flags,linear_regression,False,False,60min,483,0.02219921785,0,indoor_co2,0.7427049993,0.1408592657,2.924720491,4.724060229
melon,with_quality_flags,linear_svr,False,False,15min,483,0,0,all_targets,0.0224171839,0.0136806841,0.06752643509,0.09847668083
melon,with_quality_flags,linear_svr,False,False,15min,483,0,0,indoor_temperature,0.01274409391,0.01039849808,0.02876013042,0.03915045479
melon,with_quality_flags,linear_svr,False,False,15min,483,0,0,indoor_humidity,0.02721136099,0.01299648636,0.08910402278,0.1423613977
melon,with_quality_flags,linear_svr,False,False,15min,483,0,0,indoor_co2,0.02729609681,0.01265857314,0.1080496666,0.1723932964
melon,with_quality_flags,linear_svr,False,False,30min,483,0,0,all_targets,0.05974028064,0.02325745064,0.1750722702,0.2428574782
melon,with_quality_flags,linear_svr,False,False,30min,483,0,0,indoor_temperature,0.0127858863,0.01018928449,0.02898384019,0.03856518821
melon,with_quality_flags,linear_svr,False,False,30min,483,0,0,indoor_humidity,0.08218936628,0.02720427818,0.262222657,0.3690848032
melon,with_quality_flags,linear_svr,False,False,30min,483,0,0,indoor_co2,0.08424558933,0.0340376143,0.268921473,0.3583654252
melon,with_quality_flags,linear_svr,False,False,60min,483,0.02231423971,0,all_targets,0.2055797821,0.02709052625,0.6999101876,1.082909071
melon,with_quality_flags,linear_svr,False,False,60min,483,0.02231423971,0,indoor_temperature,0.02358757309,0.010798835,0.06360182048,0.1126723132
melon,with_quality_flags,linear_svr,False,False,60min,483,0.02231423971,0,indoor_humidity,0.3873665914,0.0377033954,1.421250695,2.226755509
melon,with_quality_flags,linear_svr,False,False,60min,483,0.02231423971,0,indoor_co2,0.2057851818,0.03533765118,0.6776188386,0.9231720443
melon,with_quality_flags,knn,False,True,15min,483,0,0,all_targets,0.01058468015,0.008590126758,0.03465270873,0.05082205621
melon,with_quality_flags,knn,False,True,15min,483,0,0,indoor_temperature,0.01017395541,0.006369080045,0.0266243272,0.03898473938
melon,with_quality_flags,knn,False,True,15min,483,0,0,indoor_humidity,0.01117497131,0.008444267987,0.04231065431,0.06441737009
melon,with_quality_flags,knn,False,True,15min,483,0,0,indoor_co2,0.01040511375,0.007035468886,0.07269984515,0.1131418262
melon,with_quality_flags,knn,False,True,30min,483,0,0,all_targets,0.01402905609,0.01108196963,0.03275772168,0.04285185247
melon,with_quality_flags,knn,False,True,30min,483,0,0,indoor_temperature,0.01007685904,0.006110722301,0.02731942186,0.03898253864
melon,with_quality_flags,knn,False,True,30min,483,0,0,indoor_humidity,0.01287394485,0.008557940826,0.03541488876,0.05364695152
melon,with_quality_flags,knn,False,True,30min,483,0,0,indoor_co2,0.01913636439,0.01286485739,0.05901753328,0.08427794332
melon,with_quality_flags,knn,False,True,60min,483,0,0,all_targets,0.01411629625,0.01139425851,0.02929667383,0.0407439778
melon,with_quality_flags,knn,False,True,60min,483,0,0,indoor_temperature,0.009292462568,0.005231410476,0.02414784764,0.03688527832
melon,with_quality_flags,knn,False,True,60min,483,0,0,indoor_humidity,0.01270627293,0.008602115385,0.03269723676,0.04779208886
melon,with_quality_flags,knn,False,True,60min,483,0,0,indoor_co2,0.02035015326,0.01539931302,0.04866773302,0.06859724406
melon,with_quality_flags,extra_trees,False,True,15min,483,0,0,all_targets,0.01094031632,0.007228055884,0.0407468109,0.0587308089
melon,with_quality_flags,extra_trees,False,True,15min,483,0,0,indoor_temperature,0.01016616265,0.00561948736,0.03002021369,0.03934917418
melon,with_quality_flags,extra_trees,False,True,15min,483,0,0,indoor_humidity,0.008234068179,0.004708155069,0.03544558878,0.06244032435
melon,with_quality_flags,extra_trees,False,True,15min,483,0,0,indoor_co2,0.01442071812,0.006781938614,0.09056203961,0.1306469841
melon,with_quality_flags,extra_trees,False,True,30min,483,0,0,all_targets,0.01357720716,0.009765629279,0.03215416616,0.04766159084
melon,with_quality_flags,extra_trees,False,True,30min,483,0,0,indoor_temperature,0.01010813957,0.005631405539,0.02687019616,0.03840701177
melon,with_quality_flags,extra_trees,False,True,30min,483,0,0,indoor_humidity,0.009453795958,0.005615738991,0.028051733,0.04493361549
melon,with_quality_flags,extra_trees,False,True,30min,483,0,0,indoor_co2,0.02116968594,0.01113885227,0.06790190146,0.1041126336
melon,with_quality_flags,extra_trees,False,True,60min,483,0,0,all_targets,0.01272703318,0.009369691505,0.02895713305,0.04193324443
melon,with_quality_flags,extra_trees,False,True,60min,483,0,0,indoor_temperature,0.009555596528,0.005674620176,0.02578032092,0.03598317456
melon,with_quality_flags,extra_trees,False,True,60min,483,0,0,indoor_humidity,0.008425322083,0.005576338938,0.02292980256,0.0377465513
melon,with_quality_flags,extra_trees,False,True,60min,483,0,0,indoor_co2,0.02020018093,0.01110075076,0.05452465069,0.08808316776
melon,with_quality_flags,lightgbm,False,True,15min,483,0,0,all_targets,0.01106413661,0.008448730305,0.03658339786,0.05658788508
melon,with_quality_flags,lightgbm,False,True,15min,483,0,0,indoor_temperature,0.008781111051,0.004771440771,0.02478616095,0.03496894534
melon,with_quality_flags,lightgbm,False,True,15min,483,0,0,indoor_humidity,0.01216647623,0.009784721582,0.04504073584,0.06948606659
melon,with_quality_flags,lightgbm,False,True,15min,483,0,0,indoor_co2,0.01224482254,0.007017654224,0.07097529159,0.1263538079
melon,with_quality_flags,lightgbm,False,True,30min,483,0,0,all_targets,0.01332024737,0.009705876889,0.0315110662,0.04727066467
melon,with_quality_flags,lightgbm,False,True,30min,483,0,0,indoor_temperature,0.008656905397,0.004912003275,0.02422263857,0.03320101403
melon,with_quality_flags,lightgbm,False,True,30min,483,0,0,indoor_humidity,0.01252756028,0.01028123161,0.03021954747,0.04794119074
melon,with_quality_flags,lightgbm,False,True,30min,483,0,0,indoor_co2,0.01877627645,0.01062159642,0.05873423986,0.1004354273
melon,with_quality_flags,lightgbm,False,True,60min,483,0,0,all_targets,0.01296339132,0.009706379156,0.02781080364,0.04063458025
melon,with_quality_flags,lightgbm,False,True,60min,483,0,0,indoor_temperature,0.00793274085,0.004551780452,0.02040982503,0.02943235634
melon,with_quality_flags,lightgbm,False,True,60min,483,0,0,indoor_humidity,0.01177733973,0.009506624369,0.02829252206,0.03972516705
melon,with_quality_flags,lightgbm,False,True,60min,483,0,0,indoor_co2,0.01918009339,0.009973328991,0.054762232,0.08423217829
melon,with_quality_flags,xgboost,False,True,15min,483,0,0,all_targets,0.00896856835,0.006720244007,0.03253091114,0.04966104515
melon,with_quality_flags,xgboost,False,True,15min,483,0,0,indoor_temperature,0.008349021804,0.004297958979,0.02389900144,0.03731928765
melon,with_quality_flags,xgboost,False,True,15min,483,0,0,indoor_humidity,0.01001298779,0.008233436063,0.04134179258,0.06168021907
melon,with_quality_flags,xgboost,False,True,15min,483,0,0,indoor_co2,0.008543695455,0.003723705483,0.06529483225,0.1086057532
melon,with_quality_flags,xgboost,False,True,30min,483,0,0,all_targets,0.01328441729,0.008630539248,0.02895861521,0.05452284167
melon,with_quality_flags,xgboost,False,True,30min,483,0,0,indoor_temperature,0.008532550614,0.004113837914,0.02365658765,0.03671423034
melon,with_quality_flags,xgboost,False,True,30min,483,0,0,indoor_humidity,0.01050599927,0.007701258351,0.02640237666,0.04414808524
melon,with_quality_flags,xgboost,False,True,30min,483,0,0,indoor_co2,0.02081470197,0.008947928309,0.05710969877,0.1227587241
melon,with_quality_flags,xgboost,False,True,60min,483,0,0,all_targets,0.01200415185,0.00905741482,0.02538533832,0.03983401212
melon,with_quality_flags,xgboost,False,True,60min,483,0,0,indoor_temperature,0.008083372158,0.004184524588,0.021899901,0.03451994489
melon,with_quality_flags,xgboost,False,True,60min,483,0,0,indoor_humidity,0.01040229855,0.008042974227,0.02372302906,0.03576758261
melon,with_quality_flags,xgboost,False,True,60min,483,0,0,indoor_co2,0.01752678485,0.00988258167,0.04531200676,0.081141742
melon,with_quality_flags,mlp,False,False,15min,483,0,0,all_targets,0.3129626184,0.03970877479,1.021775556,1.419464736
melon,with_quality_flags,mlp,False,False,15min,483,0,0,indoor_temperature,0.02648448874,0.01623302238,0.06971783843,0.08713932464
melon,with_quality_flags,mlp,False,False,15min,483,0,0,indoor_humidity,0.03202208976,0.01590046168,0.1055221764,0.1561043447
melon,with_quality_flags,mlp,False,False,15min,483,0,0,indoor_co2,0.8803812768,0.07126310512,2.95601132,4.092875665
melon,with_quality_flags,mlp,False,False,30min,483,0,0,all_targets,0.6416835037,0.04290980564,2.086405371,2.745312928
melon,with_quality_flags,mlp,False,False,30min,483,0,0,indoor_temperature,0.03193539787,0.01793589206,0.08030795061,0.09495699145
melon,with_quality_flags,mlp,False,False,30min,483,0,0,indoor_humidity,0.08419476052,0.03064780954,0.272519642,0.3733864948
melon,with_quality_flags,mlp,False,False,30min,483,0,0,indoor_co2,1.808920353,0.07919549117,5.977196754,7.83211591
melon,with_quality_flags,mlp,False,False,60min,483,0.01736829998,0,all_targets,1.25105065,0.1138923363,4.188290414,5.227184843
melon,with_quality_flags,mlp,False,False,60min,483,0.01736829998,0,indoor_temperature,0.03493542503,0.02107188577,0.08271636171,0.1012321105
melon,with_quality_flags,mlp,False,False,60min,483,0.01736829998,0,indoor_humidity,0.19015338,0.04438100411,0.6255190745,0.7976186766
melon,with_quality_flags,mlp,False,False,60min,483,0.01736829998,0,indoor_co2,3.528063146,0.2616519652,11.93276202,14.84110063
cucumber,with_quality_flags,persistence,True,False,15min,387,0,0,all_targets,0.01834533097,0.01475737356,0.04849519313,0.066991729
cucumber,with_quality_flags,persistence,True,False,15min,387,0,0,indoor_temperature,0.01918704079,0.01525456693,0.04486637332,0.05680082862
cucumber,with_quality_flags,persistence,True,False,15min,387,0,0,indoor_humidity,0.01037803669,0.007701117515,0.03877345253,0.05776267407
cucumber,with_quality_flags,persistence,True,False,15min,387,0,0,indoor_co2,0.02547091545,0.02297725939,0.09190903756,0.1280769459
cucumber,with_quality_flags,persistence,True,False,30min,387,0,0,all_targets,0.01762333115,0.01355714177,0.03751884181,0.05816820269
cucumber,with_quality_flags,persistence,True,False,30min,387,0,0,indoor_temperature,0.01928806879,0.01369065334,0.04410749066,0.05632718434
cucumber,with_quality_flags,persistence,True,False,30min,387,0,0,indoor_humidity,0.01191934787,0.009145674961,0.0313248934,0.04599623976
cucumber,with_quality_flags,persistence,True,False,30min,387,0,0,indoor_co2,0.02166257677,0.01181687626,0.06223554829,0.1188757552
cucumber,with_quality_flags,persistence,True,False,60min,387,0,0,all_targets,0.01655192382,0.01324332308,0.03296157405,0.04990477243
cucumber,with_quality_flags,persistence,True,False,60min,387,0,0,indoor_temperature,0.01858570929,0.01255003449,0.04480487815,0.05370819441
cucumber,with_quality_flags,persistence,True,False,60min,387,0,0,indoor_humidity,0.01135830477,0.009106003653,0.02837308045,0.03908663407
cucumber,with_quality_flags,persistence,True,False,60min,387,0,0,indoor_co2,0.01971175741,0.009801488271,0.05469551815,0.0930255585
cucumber,with_quality_flags,linear_regression,False,False,15min,387,0,0,all_targets,0.02248691809,0.01856177321,0.05246959633,0.07857151344
cucumber,with_quality_flags,linear_regression,False,False,15min,387,0,0,indoor_temperature,0.008284483383,0.005208737999,0.02343239173,0.03275799783
cucumber,with_quality_flags,linear_regression,False,False,15min,387,0,0,indoor_humidity,0.03012014885,0.01826879523,0.092677187,0.1256170807
cucumber,with_quality_flags,linear_regression,False,False,15min,387,0,0,indoor_co2,0.02905612202,0.02045174581,0.1001218345,0.1542009047
cucumber,with_quality_flags,linear_regression,False,False,30min,387,0,0,all_targets,0.02438504691,0.01953144965,0.0505933686,0.07594214163
cucumber,with_quality_flags,linear_regression,False,False,30min,387,0,0,indoor_temperature,0.008546533356,0.006542448247,0.02023004912,0.029344656
cucumber,with_quality_flags,linear_regression,False,False,30min,387,0,0,indoor_humidity,0.03540148854,0.0160938103,0.1030935162,0.142482162
cucumber,with_quality_flags,linear_regression,False,False,30min,387,0,0,indoor_co2,0.02920711883,0.02012757449,0.06599404675,0.1285555688
cucumber,with_quality_flags,linear_regression,False,False,60min,387,0.0004306632214,0,all_targets,0.0270104805,0.01836683056,0.06347409062,0.0909884975
cucumber,with_quality_flags,linear_regression,False,False,60min,387,0.0004306632214,0,indoor_temperature,0.00837368018,0.006620967969,0.0198182232,0.02580855378
cucumber,with_quality_flags,linear_regression,False,False,60min,387,0.0004306632214,0,indoor_humidity,0.04678707557,0.02065333443,0.1291634243,0.1887902302
cucumber,with_quality_flags,linear_regression,False,False,60min,387,0.0004306632214,0,indoor_co2,0.02587068576,0.01707374946,0.06144386111,0.1038653227
cucumber,with_quality_flags,linear_svr,False,False,15min,387,0,0,all_targets,0.01926934506,0.01728820881,0.04839472981,0.06281905421
cucumber,with_quality_flags,linear_svr,False,False,15min,387,0,0,indoor_temperature,0.01442414019,0.01418910313,0.03003974007,0.03775934167
cucumber,with_quality_flags,linear_svr,False,False,15min,387,0,0,indoor_humidity,0.01709668716,0.01082958056,0.05896764123,0.0824668276
cucumber,with_quality_flags,linear_svr,False,False,15min,387,0,0,indoor_co2,0.02628720782,0.02230570655,0.09379039362,0.132589286
cucumber,with_quality_flags,linear_svr,False,False,30min,387,0,0,all_targets,0.0203563663,0.0177367889,0.03862219304,0.05516414542
cucumber,with_quality_flags,linear_svr,False,False,30min,387,0,0,indoor_temperature,0.01450980891,0.0138645864,0.0287987646,0.03451028154
cucumber,with_quality_flags,linear_svr,False,False,30min,387,0,0,indoor_humidity,0.02141833244,0.0116882607,0.06497898649,0.08804879019
cucumber,with_quality_flags,linear_svr,False,False,30min,387,0,0,indoor_co2,0.02514095754,0.01839744332,0.06329153359,0.1012892636
cucumber,with_quality_flags,linear_svr,False,False,60min,387,0.0003588860178,0,all_targets,0.02165488579,0.01814679103,0.04353148312,0.05618305548
cucumber,with_quality_flags,linear_svr,False,False,60min,387,0.0003588860178,0,indoor_temperature,0.01367103771,0.01323172605,0.02674884874,0.03160417486
cucumber,with_quality_flags,linear_svr,False,False,60min,387,0.0003588860178,0,indoor_humidity,0.03076182035,0.01552124184,0.08361648284,0.1251482188
cucumber,with_quality_flags,linear_svr,False,False,60min,387,0.0003588860178,0,indoor_co2,0.0205317993,0.0153481539,0.05532107652,0.07578509109
cucumber,with_quality_flags,knn,False,True,15min,387,0,0,all_targets,0.02066561947,0.01519972809,0.05593108213,0.07306313151
cucumber,with_quality_flags,knn,False,True,15min,387,0,0,indoor_temperature,0.01068081364,0.007434999007,0.03245761635,0.04135266247
cucumber,with_quality_flags,knn,False,True,15min,387,0,0,indoor_humidity,0.01376701291,0.01010581429,0.04635890109,0.06964410833
cucumber,with_quality_flags,knn,False,True,15min,387,0,0,indoor_co2,0.03754903186,0.02954219064,0.1194817488,0.1676582443
cucumber,with_quality_flags,knn,False,True,30min,387,0,0,all_targets,0.01856150506,0.01511382123,0.04378991574,0.05893100462
cucumber,with_quality_flags,knn,False,True,30min,387,0,0,indoor_temperature,0.01090835616,0.007618127061,0.02859141687,0.03775311621
cucumber,with_quality_flags,knn,False,True,30min,387,0,0,indoor_humidity,0.01437245747,0.01076677977,0.04024549223,0.05560106719
cucumber,with_quality_flags,knn,False,True,30min,387,0,0,indoor_co2,0.03040370156,0.02157048841,0.08785753713,0.1268017674
cucumber,with_quality_flags,knn,False,True,60min,387,0,0,all_targets,0.01737795494,0.01392822088,0.03568326831,0.04869794202
cucumber,with_quality_flags,knn,False,True,60min,387,0,0,indoor_temperature,0.01047736781,0.007893075266,0.02509020825,0.0322962036
cucumber,with_quality_flags,knn,False,True,60min,387,0,0,indoor_humidity,0.01500382039,0.01000981374,0.04095519813,0.05525533983
cucumber,with_quality_flags,knn,False,True,60min,387,0,0,indoor_co2,0.02665267662,0.01834048976,0.07227851585,0.09476596568
cucumber,with_quality_flags,extra_trees,False,True,15min,387,0,0,all_targets,0.01296563319,0.008978688272,0.03788856809,0.05524630752
cucumber,with_quality_flags,extra_trees,False,True,15min,387,0,0,indoor_temperature,0.009000901988,0.005358041123,0.02585127428,0.0351447032
cucumber,with_quality_flags,extra_trees,False,True,15min,387,0,0,indoor_humidity,0.008623246492,0.007278170929,0.03470076708,0.04957540056
cucumber,with_quality_flags,extra_trees,False,True,15min,387,0,0,indoor_co2,0.02127275109,0.01383692287,0.08698434315,0.126763108
cucumber,with_quality_flags,extra_trees,False,True,30min,387,0,0,all_targets,0.01231008909,0.009414259809,0.02819636766,0.04357465203
cucumber,with_quality_flags,extra_trees,False,True,30min,387,0,0,indoor_temperature,0.00965883124,0.007018272646,0.0238881556,0.03480895527
cucumber,with_quality_flags,extra_trees,False,True,30min,387,0,0,indoor_humidity,0.009029209578,0.006115024244,0.02892406925,0.03770133301
cucumber,with_quality_flags,extra_trees,False,True,30min,387,0,0,indoor_co2,0.01824222646,0.01190095911,0.05155502708,0.09187227775
cucumber,with_quality_flags,extra_trees,False,True,60min,387,0,0,all_targets,0.01133958623,0.009281074716,0.0265806727,0.03451972505
cucumber,with_quality_flags,extra_trees,False,True,60min,387,0,0,indoor_temperature,0.008975545402,0.006231582558,0.0211523538,0.03023757019
cucumber,with_quality_flags,extra_trees,False,True,60min,387,0,0,indoor_humidity,0.008357831439,0.005134450152,0.02468895165,0.03395482088
cucumber,with_quality_flags,extra_trees,False,True,60min,387,0,0,indoor_co2,0.01668538184,0.01276646461,0.04446942392,0.06782448774
cucumber,with_quality_flags,lightgbm,False,True,15min,387,0,0,all_targets,0.01274714916,0.008657104518,0.03955817648,0.05162405263
cucumber,with_quality_flags,lightgbm,False,True,15min,387,0,0,indoor_temperature,0.007903508723,0.004480635555,0.02373778217,0.03300731464
cucumber,with_quality_flags,lightgbm,False,True,15min,387,0,0,indoor_humidity,0.01162008642,0.008974492934,0.04228497715,0.06364549989
cucumber,with_quality_flags,lightgbm,False,True,15min,387,0,0,indoor_co2,0.01871785234,0.01303381418,0.08435966839,0.1120633769
cucumber,with_quality_flags,lightgbm,False,True,30min,387,0,0,all_targets,0.01247901448,0.01064257404,0.02760448974,0.03922309121
cucumber,with_quality_flags,lightgbm,False,True,30min,387,0,0,indoor_temperature,0.0080090719,0.004728564129,0.02092479889,0.03004677376
cucumber,with_quality_flags,lightgbm,False,True,30min,387,0,0,indoor_humidity,0.01264289112,0.008332860058,0.0344634657,0.05072424547
cucumber,with_quality_flags,lightgbm,False,True,30min,387,0,0,indoor_co2,0.01678508041,0.01233334567,0.05185445573,0.0813779062
cucumber,with_quality_flags,lightgbm,False,True,60min,387,0,0,all_targets,0.01157221119,0.009058902109,0.02447962477,0.03616987675
cucumber,with_quality_flags,lightgbm,False,True,60min,387,0,0,indoor_temperature,0.006999600892,0.004522856672,0.01820381636,0.02529593102
cucumber,with_quality_flags,lightgbm,False,True,60min,387,0,0,indoor_humidity,0.0127285377,0.008692479491,0.03284124976,0.04632554363
cucumber,with_quality_flags,lightgbm,False,True,60min,387,0,0,indoor_co2,0.01498849498,0.008786030466,0.04345114209,0.0653089784
cucumber,with_quality_flags,xgboost,False,True,15min,387,0,0,all_targets,0.01254421251,0.009262763665,0.03744008516,0.05205045441
cucumber,with_quality_flags,xgboost,False,True,15min,387,0,0,indoor_temperature,0.007288853108,0.004293805669,0.02142495223,0.02956407116
cucumber,with_quality_flags,xgboost,False,True,15min,387,0,0,indoor_humidity,0.01090215654,0.007757070785,0.04041065778,0.05840761015
cucumber,with_quality_flags,xgboost,False,True,15min,387,0,0,indoor_co2,0.01944162788,0.01410379628,0.07740078618,0.121144491
cucumber,with_quality_flags,xgboost,False,True,30min,387,0,0,all_targets,0.01251452538,0.01011681194,0.02698780524,0.04084706297
cucumber,with_quality_flags,xgboost,False,True,30min,387,0,0,indoor_temperature,0.007339949169,0.004614809674,0.01944907691,0.02784907137
cucumber,with_quality_flags,xgboost,False,True,30min,387,0,0,indoor_humidity,0.01173789406,0.008113825479,0.03389993828,0.04648416727
cucumber,with_quality_flags,xgboost,False,True,30min,387,0,0,indoor_co2,0.0184657329,0.01061157321,0.05242375333,0.09155973888
cucumber,with_quality_flags,xgboost,False,True,60min,387,0,0,all_targets,0.01211965608,0.0105700452,0.02472531813,0.03659828878
cucumber,with_quality_flags,xgboost,False,True,60min,387,0,0,indoor_temperature,0.006572561569,0.004175062532,0.01710639365,0.02350235028
cucumber,with_quality_flags,xgboost,False,True,60min,387,0,0,indoor_humidity,0.01200997894,0.008056759305,0.03189282821,0.0430039787
cucumber,with_quality_flags,xgboost,False,True,60min,387,0,0,indoor_co2,0.01777642772,0.01155721878,0.04884206582,0.07483326903
cucumber,with_quality_flags,mlp,False,True,15min,387,0,0,all_targets,0.0419579451,0.02282544114,0.1297006984,0.1635731645
cucumber,with_quality_flags,mlp,False,True,15min,387,0,0,indoor_temperature,0.009405054059,0.004314968073,0.03168323242,0.0433902474
cucumber,with_quality_flags,mlp,False,True,15min,387,0,0,indoor_humidity,0.08536558259,0.03036490994,0.3011022037,0.3767105263
cucumber,with_quality_flags,mlp,False,True,15min,387,0,0,indoor_co2,0.03110319864,0.02054187183,0.1130701807,0.1651734772
cucumber,with_quality_flags,mlp,False,True,30min,387,0,0,all_targets,0.03658816549,0.01978865791,0.1072475743,0.1343905461
cucumber,with_quality_flags,mlp,False,True,30min,387,0,0,indoor_temperature,0.008856084526,0.004262601405,0.02728670302,0.03827533035
cucumber,with_quality_flags,mlp,False,True,30min,387,0,0,indoor_humidity,0.07307681848,0.02592581359,0.2488769144,0.3141672307
cucumber,with_quality_flags,mlp,False,True,30min,387,0,0,indoor_co2,0.02783159346,0.01771207114,0.08598458132,0.1148274213
cucumber,with_quality_flags,mlp,False,True,60min,387,0,0,all_targets,0.02880714159,0.0169118601,0.07777322124,0.09731196882
cucumber,with_quality_flags,mlp,False,True,60min,387,0,0,indoor_temperature,0.007897725844,0.005052424485,0.02204013515,0.03058921958
cucumber,with_quality_flags,mlp,False,True,60min,387,0,0,indoor_humidity,0.05619186486,0.0232279284,0.1715594145,0.2269579921
cucumber,with_quality_flags,mlp,False,True,60min,387,0,0,indoor_co2,0.02233183407,0.01592672021,0.06087247666,0.08346963075
strawberry,without_quality_flags,persistence,True,False,15min,1441,0,0,all_targets,0.01412350668,0.009871447125,0.03014864114,0.0631682941
strawberry,without_quality_flags,persistence,True,False,15min,1441,0,0,indoor_temperature,0.02344221197,0.01584364122,0.05149183397,0.09912584981
strawberry,without_quality_flags,persistence,True,False,15min,1441,0,0,indoor_humidity,0.01554370674,0.01141069515,0.0456427806,0.07959451707
strawberry,without_quality_flags,persistence,True,False,15min,1441,0,0,indoor_co2,0.003384601318,3.351277528e-19,0.008752941566,0.0487782202
strawberry,without_quality_flags,persistence,True,False,30min,1441,0,0,all_targets,0.01476656912,0.009328386525,0.02840528721,0.06409576165
strawberry,without_quality_flags,persistence,True,False,30min,1441,0,0,indoor_temperature,0.02115390463,0.01380660163,0.04934162551,0.0778852809
strawberry,without_quality_flags,persistence,True,False,30min,1441,0,0,indoor_humidity,0.01630038504,0.01073827919,0.03816470003,0.07042169533
strawberry,without_quality_flags,persistence,True,False,30min,1441,0,0,indoor_co2,0.006845417682,0.0008336134824,0.005501848984,0.06674034991
strawberry,without_quality_flags,persistence,True,False,60min,1441,0,0,all_targets,0.01291926151,0.008448422051,0.02643099441,0.05114086755
strawberry,without_quality_flags,persistence,True,False,60min,1441,0,0,indoor_temperature,0.01860789411,0.0118328733,0.04650053301,0.06897865839
strawberry,without_quality_flags,persistence,True,False,60min,1441,0,0,indoor_humidity,0.01530971538,0.01009407648,0.03458866967,0.06033845309
strawberry,without_quality_flags,persistence,True,False,60min,1441,0,0,indoor_co2,0.004840175036,0.0007345125789,0.004978363035,0.04214713034
strawberry,without_quality_flags,linear_svr,False,False,15min,1441,0,0,all_targets,0.01144950193,0.007586186762,0.02416851067,0.057257277
strawberry,without_quality_flags,linear_svr,False,False,15min,1441,0,0,indoor_temperature,0.01812048629,0.01046094626,0.04127983921,0.085841474
strawberry,without_quality_flags,linear_svr,False,False,15min,1441,0,0,indoor_humidity,0.01284687945,0.008976038802,0.04004996418,0.073652679
strawberry,without_quality_flags,linear_svr,False,False,15min,1441,0,0,indoor_co2,0.003381140054,5.904670932e-05,0.008702695075,0.05123786756
strawberry,without_quality_flags,linear_svr,False,False,30min,1441,0,0,all_targets,0.01229916857,0.007382560602,0.02279853404,0.05822577167
strawberry,without_quality_flags,linear_svr,False,False,30min,1441,0,0,indoor_temperature,0.0162099022,0.009867364423,0.03873789771,0.06464104941
strawberry,without_quality_flags,linear_svr,False,False,30min,1441,0,0,indoor_humidity,0.01385147333,0.008492449676,0.03290150522,0.06626039399
strawberry,without_quality_flags,linear_svr,False,False,30min,1441,0,0,indoor_co2,0.006836130173,0.0009102963259,0.005405351279,0.06669989171
strawberry,without_quality_flags,linear_svr,False,False,60min,1441,0.0001349371578,0,all_targets,0.01123809578,0.007303823145,0.02199363929,0.04620774955
strawberry,without_quality_flags,linear_svr,False,False,60min,1441,0.0001349371578,0,indoor_temperature,0.01439228324,0.008716145709,0.03506066341,0.05518533441
strawberry,without_quality_flags,linear_svr,False,False,60min,1441,0.0001349371578,0,indoor_humidity,0.01449486919,0.009062687677,0.03352131042,0.06254117678
strawberry,without_quality_flags,linear_svr,False,False,60min,1441,0.0001349371578,0,indoor_co2,0.004827134902,0.0007087324317,0.004975517828,0.04210404598
strawberry,without_quality_flags,knn,False,True,15min,1441,0,0,all_targets,0.01287266075,0.007376084023,0.02488660659,0.07496534401
strawberry,without_quality_flags,knn,False,True,15min,1441,0,0,indoor_temperature,0.01840631524,0.009279847001,0.03700621914,0.1043370115
strawberry,without_quality_flags,knn,False,True,15min,1441,0,0,indoor_humidity,0.0135315288,0.008817355343,0.04285494031,0.07258065072
strawberry,without_quality_flags,knn,False,True,15min,1441,0,0,indoor_co2,0.006680138209,0.001326203268,0.009548663526,0.08487429507
strawberry,without_quality_flags,knn,False,True,30min,1441,0,0,all_targets,0.01366414992,0.007678862515,0.02176720849,0.07541664386
strawberry,without_quality_flags,knn,False,True,30min,1441,0,0,indoor_temperature,0.01822259428,0.009150511154,0.03428693296,0.09305347681
strawberry,without_quality_flags,knn,False,True,30min,1441,0,0,indoor_humidity,0.01337300522,0.00922488017,0.0333911024,0.06094314053
strawberry,without_quality_flags,knn,False,True,30min,1441,0,0,indoor_co2,0.009396850279,0.001227685311,0.006684064468,0.1003121583
strawberry,without_quality_flags,knn,False,True,60min,1441,0,0,all_targets,0.01140533647,0.006866122324,0.01911687127,0.05500176541
strawberry,without_quality_flags,knn,False,True,60min,1441,0,0,indoor_temperature,0.01524367754,0.008764651674,0.03089510038,0.07146588465
strawberry,without_quality_flags,knn,False,True,60min,1441,0,0,indoor_humidity,0.0117518748,0.00820597095,0.02973817213,0.04652012615
strawberry,without_quality_flags,knn,False,True,60min,1441,0,0,indoor_co2,0.007220457066,0.001127736485,0.005649811403,0.07191686598
strawberry,without_quality_flags,extra_trees,False,True,15min,1441,0,0,all_targets,0.01687882114,0.008566022533,0.02548899239,0.1204027078
strawberry,without_quality_flags,extra_trees,False,True,15min,1441,0,0,indoor_temperature,0.01440577077,0.0085144808,0.03400156347,0.06928329318
strawberry,without_quality_flags,extra_trees,False,True,15min,1441,0,0,indoor_humidity,0.01198889463,0.008377471732,0.04040841681,0.06986440245
strawberry,without_quality_flags,extra_trees,False,True,15min,1441,0,0,indoor_co2,0.02424179802,0.00264466666,0.02283698638,0.2781481863
strawberry,without_quality_flags,extra_trees,False,True,30min,1441,0,0,all_targets,0.01212060257,0.007635546453,0.02182103747,0.06035598993
strawberry,without_quality_flags,extra_trees,False,True,30min,1441,0,0,indoor_temperature,0.01264653788,0.008170861739,0.03048938571,0.04970554273
strawberry,without_quality_flags,extra_trees,False,True,30min,1441,0,0,indoor_humidity,0.01275008909,0.008052064666,0.03264330339,0.05858640541
strawberry,without_quality_flags,extra_trees,False,True,30min,1441,0,0,indoor_co2,0.01096518075,0.001722678248,0.01641766951,0.1158544708
strawberry,without_quality_flags,extra_trees,False,True,60min,1441,0,0,all_targets,0.00923378953,0.00670821865,0.01905770768,0.03510141794
strawberry,without_quality_flags,extra_trees,False,True,60min,1441,0,0,indoor_temperature,0.01095371033,0.00692324118,0.02695700684,0.04141468659
strawberry,without_quality_flags,extra_trees,False,True,60min,1441,0,0,indoor_humidity,0.01140759191,0.007840296735,0.02888167076,0.0444660644
strawberry,without_quality_flags,extra_trees,False,True,60min,1441,0,0,indoor_co2,0.005340066348,0.001323852199,0.01295347048,0.0520797482
strawberry,without_quality_flags,lightgbm,False,True,15min,1441,0,0,all_targets,0.01193096685,0.007385510243,0.02349283034,0.07002226566
strawberry,without_quality_flags,lightgbm,False,True,15min,1441,0,0,indoor_temperature,0.01633325898,0.009293886374,0.03638504424,0.07881544938
strawberry,without_quality_flags,lightgbm,False,True,15min,1441,0,0,indoor_humidity,0.0112161865,0.007292717632,0.03793915496,0.06787922217
strawberry,without_quality_flags,lightgbm,False,True,15min,1441,0,0,indoor_co2,0.008243455063,0.001240293324,0.0100395723,0.105441912
strawberry,without_quality_flags,lightgbm,False,True,30min,1441,0,0,all_targets,0.01257326152,0.007249688527,0.02149879085,0.06830185116
strawberry,without_quality_flags,lightgbm,False,True,30min,1441,0,0,indoor_temperature,0.01437677825,0.009247804263,0.03367373865,0.0575425137
strawberry,without_quality_flags,lightgbm,False,True,30min,1441,0,0,indoor_humidity,0.01203582224,0.007917252055,0.0287380753,0.05733128683
strawberry,without_quality_flags,lightgbm,False,True,30min,1441,0,0,indoor_co2,0.01130718408,0.001171172115,0.006860279559,0.1162925027
strawberry,without_quality_flags,lightgbm,False,True,60min,1441,0,0,all_targets,0.01051984236,0.006194835931,0.01946424044,0.05216753862
strawberry,without_quality_flags,lightgbm,False,True,60min,1441,0,0,indoor_temperature,0.01233606792,0.007424482536,0.02938280855,0.04814770651
strawberry,without_quality_flags,lightgbm,False,True,60min,1441,0,0,indoor_humidity,0.01086419781,0.007302293684,0.02561759962,0.04510586996
strawberry,without_quality_flags,lightgbm,False,True,60min,1441,0,0,indoor_co2,0.008359261332,0.000909512943,0.006120831335,0.08302570173
strawberry,without_quality_flags,xgboost,False,True,15min,1441,0,0,all_targets,0.01440090824,0.006228930001,0.02059388845,0.1037075649
strawberry,without_quality_flags,xgboost,False,True,15min,1441,0,0,indoor_temperature,0.01490176104,0.008034391315,0.03012632802,0.08253987897
strawberry,without_quality_flags,xgboost,False,True,15min,1441,0,0,indoor_humidity,0.01147529297,0.007384171414,0.03794018713,0.06919848271
strawberry,without_quality_flags,xgboost,False,True,15min,1441,0,0,indoor_co2,0.01682567071,0.001018527834,0.009633533087,0.1940885257
strawberry,without_quality_flags,xgboost,False,True,30min,1441,0,0,all_targets,0.01428919046,0.006227411968,0.0189053258,0.09179805181
strawberry,without_quality_flags,xgboost,False,True,30min,1441,0,0,indoor_temperature,0.01269366296,0.007708178507,0.02768613784,0.05701149249
strawberry,without_quality_flags,xgboost,False,True,30min,1441,0,0,indoor_humidity,0.01268205068,0.008086177525,0.03198021135,0.06019069496
strawberry,without_quality_flags,xgboost,False,True,30min,1441,0,0,indoor_co2,0.01749185774,0.001021284183,0.006332629157,0.1804829877
strawberry,without_quality_flags,xgboost,False,True,60min,1441,0,0,all_targets,0.009823520707,0.005836537147,0.01731823463,0.04852674235
strawberry,without_quality_flags,xgboost,False,True,60min,1441,0,0,indoor_temperature,0.01044341023,0.006939784028,0.02313693975,0.04160939366
strawberry,without_quality_flags,xgboost,False,True,60min,1441,0,0,indoor_humidity,0.01158354814,0.00779248841,0.02805641843,0.04700768955
strawberry,without_quality_flags,xgboost,False,True,60min,1441,0,0,indoor_co2,0.007443603744,0.0008560076324,0.005337533491,0.07670944219
strawberry,without_quality_flags,mlp,False,False,15min,1441,7.710694734e-05,0,all_targets,0.01525114706,0.009991811888,0.02482021013,0.1025640737
strawberry,without_quality_flags,mlp,False,False,15min,1441,7.710694734e-05,0,indoor_temperature,0.01375433482,0.00887836191,0.03234654857,0.06761386363
strawberry,without_quality_flags,mlp,False,False,15min,1441,7.710694734e-05,0,indoor_humidity,0.01954625632,0.01024794341,0.04447785545,0.1383682003
strawberry,without_quality_flags,mlp,False,False,15min,1441,7.710694734e-05,0,indoor_co2,0.01245285004,0.004118721141,0.02361324499,0.1639840101
strawberry,without_quality_flags,mlp,False,False,30min,1441,0.0001542138947,0,all_targets,0.01555451859,0.009636382015,0.02337054146,0.09027995614
strawberry,without_quality_flags,mlp,False,False,30min,1441,0.0001542138947,0,indoor_temperature,0.01385018213,0.008952238047,0.0313639065,0.05910678782
strawberry,without_quality_flags,mlp,False,False,30min,1441,0.0001542138947,0,indoor_humidity,0.01788644805,0.01044261279,0.03745006021,0.09651554998
strawberry,without_quality_flags,mlp,False,False,30min,1441,0.0001542138947,0,indoor_co2,0.01492692559,0.00391672166,0.02275534274,0.1599566016
strawberry,without_quality_flags,mlp,False,False,60min,1441,0.0002505975788,0,all_targets,0.01253993497,0.00907515536,0.02191432445,0.05536316719
strawberry,without_quality_flags,mlp,False,False,60min,1441,0.0002505975788,0,indoor_temperature,0.01214670309,0.008158346397,0.02671522218,0.04783329441
strawberry,without_quality_flags,mlp,False,False,60min,1441,0.0002505975788,0,indoor_humidity,0.01527985949,0.01098959708,0.03733711768,0.06003361073
strawberry,without_quality_flags,mlp,False,False,60min,1441,0.0002505975788,0,indoor_co2,0.01019324234,0.003981594523,0.02035011703,0.09622585546
melon,without_quality_flags,persistence,True,False,15min,483,0,0,all_targets,0.01367547967,0.0125462847,0.04018723685,0.05811271963
melon,without_quality_flags,persistence,True,False,15min,483,0,0,indoor_temperature,0.0183982622,0.01124417835,0.04705256171,0.06054557574
melon,without_quality_flags,persistence,True,False,15min,483,0,0,indoor_humidity,0.01509745751,0.01116429662,0.05135576444,0.07937368323
melon,without_quality_flags,persistence,True,False,15min,483,0,0,indoor_co2,0.007530719283,8.942265287e-18,0.05159343849,0.09323024851
melon,without_quality_flags,persistence,True,False,30min,483,0,0,all_targets,0.0161485861,0.01272651921,0.0369798495,0.05043894624
melon,without_quality_flags,persistence,True,False,30min,483,0,0,indoor_temperature,0.01823729851,0.01260336474,0.04538199807,0.05826900157
melon,without_quality_flags,persistence,True,False,30min,483,0,0,indoor_humidity,0.01597715522,0.01028391208,0.04160008308,0.06417042402
melon,without_quality_flags,persistence,True,False,30min,483,0,0,indoor_co2,0.01423130457,0.008844589456,0.04569704552,0.07075671565
melon,without_quality_flags,persistence,True,False,60min,483,0,0,all_targets,0.01612667175,0.01258000584,0.03345954069,0.04595970044
melon,without_quality_flags,persistence,True,False,60min,483,0,0,indoor_temperature,0.01773312657,0.01221798831,0.04300731885,0.05423117915
melon,without_quality_flags,persistence,True,False,60min,483,0,0,indoor_humidity,0.01638920489,0.01211365219,0.03794424325,0.0547379074
melon,without_quality_flags,persistence,True,False,60min,483,0,0,indoor_co2,0.01425768377,0.009561021819,0.03925430845,0.05790732083
melon,without_quality_flags,linear_regression,False,False,15min,483,0,0,all_targets,0.04313700339,0.0419974954,0.09014536529,0.1017849581
melon,without_quality_flags,linear_regression,False,False,15min,483,0,0,indoor_temperature,0.01520956174,0.0131285939,0.03379527449,0.0441752438
melon,without_quality_flags,linear_regression,False,False,15min,483,0,0,indoor_humidity,0.03260163091,0.01638816551,0.1089535979,0.1652455198
melon,without_quality_flags,linear_regression,False,False,15min,483,0,0,indoor_co2,0.08159981751,0.06794846667,0.205345374,0.242774641
melon,without_quality_flags,linear_regression,False,False,30min,483,0,0,all_targets,0.07012384737,0.05542465957,0.1503225565,0.228798751
melon,without_quality_flags,linear_regression,False,False,30min,483,0,0,indoor_temperature,0.01886135473,0.01579430744,0.04245778243,0.05242217919
melon,without_quality_flags,linear_regression,False,False,30min,483,0,0,indoor_humidity,0.08811054292,0.02568580069,0.2797385332,0.3884836047
melon,without_quality_flags,linear_regression,False,False,30min,483,0,0,indoor_co2,0.1033996445,0.0904745391,0.2183358741,0.3057743709
melon,without_quality_flags,linear_regression,False,False,60min,483,0.02214170692,0,all_targets,0.3821090183,0.06761927244,1.513464221,2.311854242
melon,without_quality_flags,linear_regression,False,False,60min,483,0.02214170692,0,indoor_temperature,0.04562870358,0.02342547234,0.1256194081,0.1981995992
melon,without_quality_flags,linear_regression,False,False,60min,483,0.02214170692,0,indoor_humidity,0.3594165609,0.03270004019,1.335158673,2.026838869
melon,without_quality_flags,linear_regression,False,False,60min,483,0.02214170692,0,indoor_co2,0.7412817904,0.1396530726,2.924324264,4.714021641
melon,without_quality_flags,linear_svr,False,False,15min,483,0,0,all_targets,0.02347961425,0.01365344086,0.0715375225,0.1052981598
melon,without_quality_flags,linear_svr,False,False,15min,483,0,0,indoor_temperature,0.0115610347,0.008727444825,0.02750476924,0.03976261712
melon,without_quality_flags,linear_svr,False,False,15min,483,0,0,indoor_humidity,0.02948863392,0.01425590501,0.1036168613,0.1547158615
melon,without_quality_flags,linear_svr,False,False,15min,483,0,0,indoor_co2,0.02938917412,0.01421527889,0.1155195082,0.180616046
melon,without_quality_flags,linear_svr,False,False,30min,483,0,0,all_targets,0.06251621693,0.02262309269,0.1842775346,0.2573822346
melon,without_quality_flags,linear_svr,False,False,30min,483,0,0,indoor_temperature,0.01382220953,0.009086114092,0.0368279695,0.04809208872
melon,without_quality_flags,linear_svr,False,False,30min,483,0,0,indoor_humidity,0.08610990207,0.02373667714,0.2744067979,0.3862334761
melon,without_quality_flags,linear_svr,False,False,30min,483,0,0,indoor_co2,0.08761653918,0.03451949222,0.2748435967,0.3707426673
melon,without_quality_flags,linear_svr,False,False,60min,483,0.02288934898,0,all_targets,0.2155245195,0.02442425639,0.7426555592,1.127565023
melon,without_quality_flags,linear_svr,False,False,60min,483,0.02288934898,0,indoor_temperature,0.04795563636,0.01578243307,0.152776483,0.2517544876
melon,without_quality_flags,linear_svr,False,False,60min,483,0.02288934898,0,indoor_humidity,0.3964276907,0.03332999071,1.455558089,2.256956821
melon,without_quality_flags,linear_svr,False,False,60min,483,0.02288934898,0,indoor_co2,0.2021902314,0.03549380665,0.6692725945,0.8830031334
melon,without_quality_flags,knn,False,True,15min,483,0,0,all_targets,0.01093437362,0.008651370499,0.0362432395,0.05178931641
melon,without_quality_flags,knn,False,True,15min,483,0,0,indoor_temperature,0.01031298346,0.006604971898,0.02704893254,0.03977104556
melon,without_quality_flags,knn,False,True,15min,483,0,0,indoor_humidity,0.01150723153,0.008038293565,0.04231065431,0.06696920932
melon,without_quality_flags,knn,False,True,15min,483,0,0,indoor_co2,0.01098290588,0.007035468886,0.07457597019,0.1143861948
melon,without_quality_flags,knn,False,True,30min,483,0,0,all_targets,0.0141602017,0.0112236566,0.03274455403,0.04268714952
melon,without_quality_flags,knn,False,True,30min,483,0,0,indoor_temperature,0.01009376194,0.006007379203,0.02786579233,0.03942525424
melon,without_quality_flags,knn,False,True,30min,483,0,0,indoor_humidity,0.01297219522,0.008497624626,0.035125371,0.05482193382
melon,without_quality_flags,knn,False,True,30min,483,0,0,indoor_co2,0.01941464795,0.01286485739,0.05861550649,0.08519139195
melon,without_quality_flags,knn,False,True,60min,483,0,0,all_targets,0.01417585205,0.01147163247,0.0289922224,0.04035115452
melon,without_quality_flags,knn,False,True,60min,483,0,0,indoor_temperature,0.009288818207,0.005117588533,0.02422218932,0.0371816216
melon,without_quality_flags,knn,False,True,60min,483,0,0,indoor_humidity,0.01277731801,0.008565208619,0.03323391792,0.04770957878
melon,without_quality_flags,knn,False,True,60min,483,0,0,indoor_co2,0.02046141992,0.01554691026,0.04934012049,0.06867154471
melon,without_quality_flags,extra_trees,False,True,15min,483,0,0,all_targets,0.01097913046,0.007706414959,0.03836876006,0.06018228146
melon,without_quality_flags,extra_trees,False,True,15min,483,0,0,indoor_temperature,0.008993611835,0.005304368935,0.0265316185,0.03541926596
melon,without_quality_flags,extra_trees,False,True,15min,483,0,0,indoor_humidity,0.008931313726,0.005589117384,0.03700168922,0.06213308851
melon,without_quality_flags,extra_trees,False,True,15min,483,0,0,indoor_co2,0.01501246581,0.00693387144,0.09050760881,0.1384998332
melon,without_quality_flags,extra_trees,False,True,30min,483,0,0,all_targets,0.01393209696,0.00990254111,0.03281998514,0.04922303088
melon,without_quality_flags,extra_trees,False,True,30min,483,0,0,indoor_temperature,0.008763525104,0.005258067805,0.02442705031,0.0345559997
melon,without_quality_flags,extra_trees,False,True,30min,483,0,0,indoor_humidity,0.009722697955,0.006383663172,0.02690279029,0.04319232059
melon,without_quality_flags,extra_trees,False,True,30min,483,0,0,indoor_co2,0.02331006783,0.01252567405,0.07043747891,0.1135816634
melon,without_quality_flags,extra_trees,False,True,60min,483,0,0,all_targets,0.01292028816,0.008888498209,0.02973282102,0.04396639818
melon,without_quality_flags,extra_trees,False,True,60min,483,0,0,indoor_temperature,0.008038758285,0.004565076832,0.02071870034,0.03217747694
melon,without_quality_flags,extra_trees,False,True,60min,483,0,0,indoor_humidity,0.008867031005,0.006451512299,0.02185785996,0.0361034019
melon,without_quality_flags,extra_trees,False,True,60min,483,0,0,indoor_co2,0.0218550752,0.01134623286,0.0607958565,0.09739335229
melon,without_quality_flags,lightgbm,False,True,15min,483,0,0,all_targets,0.01075431645,0.008101827753,0.03863392211,0.05653954718
melon,without_quality_flags,lightgbm,False,True,15min,483,0,0,indoor_temperature,0.01142698492,0.005596983071,0.03148037486,0.04400036177
melon,without_quality_flags,lightgbm,False,True,15min,483,0,0,indoor_humidity,0.01180401541,0.006308202571,0.04397587166,0.08019429896
melon,without_quality_flags,lightgbm,False,True,15min,483,0,0,indoor_co2,0.009031949021,0.006031191212,0.06738944284,0.1103788259
melon,without_quality_flags,lightgbm,False,True,30min,483,0,0,all_targets,0.012985694,0.009594850714,0.03218212823,0.04514111683
melon,without_quality_flags,lightgbm,False,True,30min,483,0,0,indoor_temperature,0.01160028571,0.006735582092,0.03001101814,0.04248738106
melon,without_quality_flags,lightgbm,False,True,30min,483,0,0,indoor_humidity,0.01214328878,0.007069148592,0.03354625417,0.05949303586
melon,without_quality_flags,lightgbm,False,True,30min,483,0,0,indoor_co2,0.01521350753,0.009097115431,0.05254524874,0.07685496779
melon,without_quality_flags,lightgbm,False,True,60min,483,0,0,all_targets,0.01206006301,0.008816550618,0.02746712778,0.04051266033
melon,without_quality_flags,lightgbm,False,True,60min,483,0,0,indoor_temperature,0.01078793938,0.006442880789,0.02744603692,0.03877249126
melon,without_quality_flags,lightgbm,False,True,60min,483,0,0,indoor_humidity,0.01102345064,0.006143955704,0.02879646198,0.05226122385
melon,without_quality_flags,lightgbm,False,True,60min,483,0,0,indoor_co2,0.01436879901,0.006859207613,0.04197220112,0.06680667917
melon,without_quality_flags,xgboost,False,True,15min,483,0,0,all_targets,0.009144568873,0.006846495452,0.03424290823,0.05212011988
melon,without_quality_flags,xgboost,False,True,15min,483,0,0,indoor_temperature,0.008199545113,0.004448845949,0.02295488342,0.03679419772
melon,without_quality_flags,xgboost,False,True,15min,483,0,0,indoor_humidity,0.0102046608,0.007001501624,0.03935829632,0.06854230486
melon,without_quality_flags,xgboost,False,True,15min,483,0,0,indoor_co2,0.009029500708,0.003803860506,0.07064763501,0.1124947023
melon,without_quality_flags,xgboost,False,True,30min,483,0,0,all_targets,0.0126567604,0.008769041286,0.02974692543,0.04630419704
melon,without_quality_flags,xgboost,False,True,30min,483,0,0,indoor_temperature,0.008294088783,0.004013161807,0.02301738999,0.03631856091
melon,without_quality_flags,xgboost,False,True,30min,483,0,0,indoor_humidity,0.01123792608,0.007219175054,0.0289921891,0.0513551024
melon,without_quality_flags,xgboost,False,True,30min,483,0,0,indoor_co2,0.01843826633,0.009620843401,0.0594618963,0.09326261189
melon,without_quality_flags,xgboost,False,True,60min,483,0,0,all_targets,0.01216345153,0.009198733744,0.02680534516,0.03869238182
melon,without_quality_flags,xgboost,False,True,60min,483,0,0,indoor_temperature,0.007838963526,0.003973633348,0.02084475658,0.03456286392
melon,without_quality_flags,xgboost,False,True,60min,483,0,0,indoor_humidity,0.01111557643,0.007597276657,0.02488324643,0.04727913916
melon,without_quality_flags,xgboost,False,True,60min,483,0,0,indoor_co2,0.01753581464,0.01040514302,0.04501663358,0.06931188847
melon,without_quality_flags,mlp,False,False,15min,483,0.04278812974,0,all_targets,2.374289868,0.04522159198,8.563661194,11.30913974
melon,without_quality_flags,mlp,False,False,15min,483,0.04278812974,0,indoor_temperature,0.09058728115,0.01745408285,0.2735864967,0.4066352981
melon,without_quality_flags,mlp,False,False,15min,483,0.04278812974,0,indoor_humidity,0.04220088973,0.02982540671,0.1224434427,0.1728108376
melon,without_quality_flags,mlp,False,False,15min,483,0.04278812974,0,indoor_co2,6.990081435,0.08443932663,25.28139794,33.36809787
melon,without_quality_flags,mlp,False,False,30min,483,0.08488612836,0,all_targets,3.35039254,0.04891693682,11.38571897,14.692842
melon,without_quality_flags,mlp,False,False,30min,483,0.08488612836,0,indoor_temperature,0.2029370488,0.02618358657,0.6504987219,0.8690656804
melon,without_quality_flags,mlp,False,False,30min,483,0.08488612836,0,indoor_humidity,0.08258100994,0.0400354394,0.2395125327,0.3320293909
melon,without_quality_flags,mlp,False,False,30min,483,0.08488612836,0,indoor_co2,9.765659561,0.09832881264,33.31616182,42.89385791
melon,without_quality_flags,mlp,False,False,60min,483,0.1461352657,0,all_targets,3.921998531,0.2269711928,13.26780478,16.28937409
melon,without_quality_flags,mlp,False,False,60min,483,0.1461352657,0,indoor_temperature,0.4294904293,0.04033996085,1.427713333,1.802152184
melon,without_quality_flags,mlp,False,False,60min,483,0.1461352657,0,indoor_humidity,0.09101356687,0.04017832372,0.2668749516,0.3795316303
melon,without_quality_flags,mlp,False,False,60min,483,0.1461352657,0,indoor_co2,11.2454916,0.5975415581,38.1285434,46.7179184
cucumber,without_quality_flags,persistence,True,False,15min,387,0,0,all_targets,0.01834533097,0.01475737356,0.04849519313,0.066991729
cucumber,without_quality_flags,persistence,True,False,15min,387,0,0,indoor_temperature,0.01918704079,0.01525456693,0.04486637332,0.05680082862
cucumber,without_quality_flags,persistence,True,False,15min,387,0,0,indoor_humidity,0.01037803669,0.007701117515,0.03877345253,0.05776267407
cucumber,without_quality_flags,persistence,True,False,15min,387,0,0,indoor_co2,0.02547091545,0.02297725939,0.09190903756,0.1280769459
cucumber,without_quality_flags,persistence,True,False,30min,387,0,0,all_targets,0.01762333115,0.01355714177,0.03751884181,0.05816820269
cucumber,without_quality_flags,persistence,True,False,30min,387,0,0,indoor_temperature,0.01928806879,0.01369065334,0.04410749066,0.05632718434
cucumber,without_quality_flags,persistence,True,False,30min,387,0,0,indoor_humidity,0.01191934787,0.009145674961,0.0313248934,0.04599623976
cucumber,without_quality_flags,persistence,True,False,30min,387,0,0,indoor_co2,0.02166257677,0.01181687626,0.06223554829,0.1188757552
cucumber,without_quality_flags,persistence,True,False,60min,387,0,0,all_targets,0.01655192382,0.01324332308,0.03296157405,0.04990477243
cucumber,without_quality_flags,persistence,True,False,60min,387,0,0,indoor_temperature,0.01858570929,0.01255003449,0.04480487815,0.05370819441
cucumber,without_quality_flags,persistence,True,False,60min,387,0,0,indoor_humidity,0.01135830477,0.009106003653,0.02837308045,0.03908663407
cucumber,without_quality_flags,persistence,True,False,60min,387,0,0,indoor_co2,0.01971175741,0.009801488271,0.05469551815,0.0930255585
cucumber,without_quality_flags,linear_regression,False,True,15min,387,0,0,all_targets,0.02147040251,0.01857706951,0.05235502091,0.06883076582
cucumber,without_quality_flags,linear_regression,False,True,15min,387,0,0,indoor_temperature,0.008216242039,0.00525108429,0.02318118444,0.03247554753
cucumber,without_quality_flags,linear_regression,False,True,15min,387,0,0,indoor_humidity,0.02935379878,0.018015734,0.09062648397,0.1211568953
cucumber,without_quality_flags,linear_regression,False,True,15min,387,0,0,indoor_co2,0.02684116671,0.02081640263,0.09829437066,0.1317841315
cucumber,without_quality_flags,linear_regression,False,True,30min,387,0,0,all_targets,0.02336486585,0.01945005442,0.0497115981,0.06714464824
cucumber,without_quality_flags,linear_regression,False,True,30min,387,0,0,indoor_temperature,0.008475426314,0.00654960631,0.0199858903,0.02909319893
cucumber,without_quality_flags,linear_regression,False,True,30min,387,0,0,indoor_humidity,0.03459398851,0.01592928483,0.1021665969,0.1378822663
cucumber,without_quality_flags,linear_regression,False,True,30min,387,0,0,indoor_co2,0.02702518274,0.02056005067,0.06513220766,0.1082931922
cucumber,without_quality_flags,linear_regression,False,True,60min,387,0,0,all_targets,0.0260634923,0.01838635902,0.06211734133,0.08346624885
cucumber,without_quality_flags,linear_regression,False,True,60min,387,0,0,indoor_temperature,0.008293782022,0.006573242863,0.01966942732,0.02552923469
cucumber,without_quality_flags,linear_regression,False,True,60min,387,0,0,indoor_humidity,0.04601355878,0.02062367563,0.1268327209,0.1853821181
cucumber,without_quality_flags,linear_regression,False,True,60min,387,0,0,indoor_co2,0.02388313609,0.01717597966,0.06037272789,0.08577431274
cucumber,without_quality_flags,linear_svr,False,True,15min,387,0,0,all_targets,0.02142801281,0.01877161283,0.05033301614,0.0632176921
cucumber,without_quality_flags,linear_svr,False,True,15min,387,0,0,indoor_temperature,0.01849214315,0.01551718385,0.03714554944,0.05195527383
cucumber,without_quality_flags,linear_svr,False,True,15min,387,0,0,indoor_humidity,0.01969055952,0.0122267207,0.06798947472,0.08839638558
cucumber,without_quality_flags,linear_svr,False,True,15min,387,0,0,indoor_co2,0.02610133577,0.02214457486,0.09330890279,0.1318706466
cucumber,without_quality_flags,linear_svr,False,True,30min,387,0,0,all_targets,0.02351467213,0.02039453717,0.04465207077,0.05895862203
cucumber,without_quality_flags,linear_svr,False,True,30min,387,0,0,indoor_temperature,0.02141603665,0.01906419221,0.04179096882,0.0518123382
cucumber,without_quality_flags,linear_svr,False,True,30min,387,0,0,indoor_humidity,0.02422829238,0.01180637946,0.07474871858,0.09852057558
cucumber,without_quality_flags,linear_svr,False,True,30min,387,0,0,indoor_co2,0.02489968736,0.01817100535,0.06293676331,0.1010737775
cucumber,without_quality_flags,linear_svr,False,True,60min,387,0,0,all_targets,0.02593682371,0.02061075018,0.05416473409,0.06804218307
cucumber,without_quality_flags,linear_svr,False,True,60min,387,0,0,indoor_temperature,0.02274006462,0.02087626633,0.04282672252,0.05209497572
cucumber,without_quality_flags,linear_svr,False,True,60min,387,0,0,indoor_humidity,0.03483921457,0.01556752223,0.0992304604,0.1439614397
cucumber,without_quality_flags,linear_svr,False,True,60min,387,0,0,indoor_co2,0.02023119195,0.01539557554,0.05447139202,0.07514938963
cucumber,without_quality_flags,knn,False,True,15min,387,0,0,all_targets,0.02066561947,0.01519972809,0.05593108213,0.07306313151
cucumber,without_quality_flags,knn,False,True,15min,387,0,0,indoor_temperature,0.01068081364,0.007434999007,0.03245761635,0.04135266247
cucumber,without_quality_flags,knn,False,True,15min,387,0,0,indoor_humidity,0.01376701291,0.01010581429,0.04635890109,0.06964410833
cucumber,without_quality_flags,knn,False,True,15min,387,0,0,indoor_co2,0.03754903186,0.02954219064,0.1194817488,0.1676582443
cucumber,without_quality_flags,knn,False,True,30min,387,0,0,all_targets,0.01856150506,0.01511382123,0.04378991574,0.05893100462
cucumber,without_quality_flags,knn,False,True,30min,387,0,0,indoor_temperature,0.01090835616,0.007618127061,0.02859141687,0.03775311621
cucumber,without_quality_flags,knn,False,True,30min,387,0,0,indoor_humidity,0.01437245747,0.01076677977,0.04024549223,0.05560106719
cucumber,without_quality_flags,knn,False,True,30min,387,0,0,indoor_co2,0.03040370156,0.02157048841,0.08785753713,0.1268017674
cucumber,without_quality_flags,knn,False,True,60min,387,0,0,all_targets,0.01737795494,0.01392822088,0.03568326831,0.04869794202
cucumber,without_quality_flags,knn,False,True,60min,387,0,0,indoor_temperature,0.01047736781,0.007893075266,0.02509020825,0.0322962036
cucumber,without_quality_flags,knn,False,True,60min,387,0,0,indoor_humidity,0.01500382039,0.01000981374,0.04095519813,0.05525533983
cucumber,without_quality_flags,knn,False,True,60min,387,0,0,indoor_co2,0.02665267662,0.01834048976,0.07227851585,0.09476596568
cucumber,without_quality_flags,extra_trees,False,True,15min,387,0,0,all_targets,0.01299209065,0.008809351141,0.03859019522,0.05589379938
cucumber,without_quality_flags,extra_trees,False,True,15min,387,0,0,indoor_temperature,0.00903160558,0.005650545801,0.02574142521,0.03495763413
cucumber,without_quality_flags,extra_trees,False,True,15min,387,0,0,indoor_humidity,0.008674564566,0.007754408589,0.03438065584,0.04982215947
cucumber,without_quality_flags,extra_trees,False,True,15min,387,0,0,indoor_co2,0.02127010181,0.01331754628,0.08767728362,0.1281007248
cucumber,without_quality_flags,extra_trees,False,True,30min,387,0,0,all_targets,0.0123427872,0.009562308225,0.02807874903,0.04382060084
cucumber,without_quality_flags,extra_trees,False,True,30min,387,0,0,indoor_temperature,0.009685014588,0.00704992316,0.02388388236,0.03468757506
cucumber,without_quality_flags,extra_trees,False,True,30min,387,0,0,indoor_humidity,0.009103454061,0.006225100489,0.02831680875,0.03799916868
cucumber,without_quality_flags,extra_trees,False,True,30min,387,0,0,indoor_co2,0.01823989296,0.01107701933,0.05121714173,0.09204172817
cucumber,without_quality_flags,extra_trees,False,True,60min,387,0,0,all_targets,0.01141294903,0.009192141882,0.02646430412,0.0342268703
cucumber,without_quality_flags,extra_trees,False,True,60min,387,0,0,indoor_temperature,0.009043462132,0.006329042698,0.02164932823,0.03026813488
cucumber,without_quality_flags,extra_trees,False,True,60min,387,0,0,indoor_humidity,0.008526472342,0.005242181826,0.02489353951,0.03436514422
cucumber,without_quality_flags,extra_trees,False,True,60min,387,0,0,indoor_co2,0.01666891263,0.01288288493,0.04427249961,0.06708313464
cucumber,without_quality_flags,lightgbm,False,True,15min,387,0,0,all_targets,0.01274714916,0.008657104518,0.03955817648,0.05162405263
cucumber,without_quality_flags,lightgbm,False,True,15min,387,0,0,indoor_temperature,0.007903508723,0.004480635555,0.02373778217,0.03300731464
cucumber,without_quality_flags,lightgbm,False,True,15min,387,0,0,indoor_humidity,0.01162008642,0.008974492934,0.04228497715,0.06364549989
cucumber,without_quality_flags,lightgbm,False,True,15min,387,0,0,indoor_co2,0.01871785234,0.01303381418,0.08435966839,0.1120633769
cucumber,without_quality_flags,lightgbm,False,True,30min,387,0,0,all_targets,0.01247901448,0.01064257404,0.02760448974,0.03922309121
cucumber,without_quality_flags,lightgbm,False,True,30min,387,0,0,indoor_temperature,0.0080090719,0.004728564129,0.02092479889,0.03004677376
cucumber,without_quality_flags,lightgbm,False,True,30min,387,0,0,indoor_humidity,0.01264289112,0.008332860058,0.0344634657,0.05072424547
cucumber,without_quality_flags,lightgbm,False,True,30min,387,0,0,indoor_co2,0.01678508041,0.01233334567,0.05185445573,0.0813779062
cucumber,without_quality_flags,lightgbm,False,True,60min,387,0,0,all_targets,0.01157221119,0.009058902109,0.02447962477,0.03616987675
cucumber,without_quality_flags,lightgbm,False,True,60min,387,0,0,indoor_temperature,0.006999600892,0.004522856672,0.01820381636,0.02529593102
cucumber,without_quality_flags,lightgbm,False,True,60min,387,0,0,indoor_humidity,0.0127285377,0.008692479491,0.03284124976,0.04632554363
cucumber,without_quality_flags,lightgbm,False,True,60min,387,0,0,indoor_co2,0.01498849498,0.008786030466,0.04345114209,0.0653089784
cucumber,without_quality_flags,xgboost,False,True,15min,387,0,0,all_targets,0.0127575321,0.009597686614,0.03679248642,0.05259630328
cucumber,without_quality_flags,xgboost,False,True,15min,387,0,0,indoor_temperature,0.007151510585,0.003779904777,0.02207400316,0.03137326667
cucumber,without_quality_flags,xgboost,False,True,15min,387,0,0,indoor_humidity,0.01207494032,0.007528347271,0.04678767672,0.06602189734
cucumber,without_quality_flags,xgboost,False,True,15min,387,0,0,indoor_co2,0.01904614541,0.01407423999,0.07315730127,0.116669314
cucumber,without_quality_flags,xgboost,False,True,30min,387,0,0,all_targets,0.01210509874,0.009375901509,0.0281181938,0.04150567597
cucumber,without_quality_flags,xgboost,False,True,30min,387,0,0,indoor_temperature,0.007345136938,0.004164798486,0.02050518665,0.02913520049
cucumber,without_quality_flags,xgboost,False,True,30min,387,0,0,indoor_humidity,0.0124929876,0.008586673269,0.03734321279,0.05172834427
cucumber,without_quality_flags,xgboost,False,True,30min,387,0,0,indoor_co2,0.01647717167,0.01098507235,0.05207475066,0.08538266237
cucumber,without_quality_flags,xgboost,False,True,60min,387,0,0,all_targets,0.01149223293,0.008110260337,0.0241142381,0.03643568338
cucumber,without_quality_flags,xgboost,False,True,60min,387,0,0,indoor_temperature,0.006947858493,0.0042491895,0.01734451615,0.02567500882
cucumber,without_quality_flags,xgboost,False,True,60min,387,0,0,indoor_humidity,0.01266618612,0.008377571109,0.03575594217,0.05056124781
cucumber,without_quality_flags,xgboost,False,True,60min,387,0,0,indoor_co2,0.01486265419,0.009336154655,0.04180621817,0.06541932086
cucumber,without_quality_flags,mlp,False,True,15min,387,0,0,all_targets,0.05879887514,0.02714786379,0.1977614733,0.2313988607
cucumber,without_quality_flags,mlp,False,True,15min,387,0,0,indoor_temperature,0.00982812204,0.005952584903,0.02723465432,0.03758455164
cucumber,without_quality_flags,mlp,False,True,15min,387,0,0,indoor_humidity,0.1301702074,0.03333886729,0.4810627947,0.6070455584
cucumber,without_quality_flags,mlp,False,True,15min,387,0,0,indoor_co2,0.03639829596,0.02185800956,0.1283083038,0.1885518453
cucumber,without_quality_flags,mlp,False,True,30min,387,0,0,all_targets,0.04642973216,0.02214402449,0.1467345561,0.1758670277
cucumber,without_quality_flags,mlp,False,True,30min,387,0,0,indoor_temperature,0.008965007371,0.005332206509,0.02497062358,0.033740527
cucumber,without_quality_flags,mlp,False,True,30min,387,0,0,indoor_humidity,0.1036100994,0.02763128168,0.3614618768,0.4792956978
cucumber,without_quality_flags,mlp,False,True,30min,387,0,0,indoor_co2,0.02671408975,0.01392603273,0.07848222603,0.123516426
cucumber,without_quality_flags,mlp,False,True,60min,387,0,0,all_targets,0.03238162679,0.01667306153,0.09364621495,0.1148453634
cucumber,without_quality_flags,mlp,False,True,60min,387,0,0,indoor_temperature,0.008235753849,0.005282866456,0.02109614948,0.02948570999
cucumber,without_quality_flags,mlp,False,True,60min,387,0,0,indoor_humidity,0.06961521427,0.02491382358,0.2327564388,0.3023552615
cucumber,without_quality_flags,mlp,False,True,60min,387,0,0,indoor_co2,0.01929391227,0.0110973239,0.05562349415,0.08725959537
