crop,feature_variant,model,deployment_eligible,benchmark_status,training_time_seconds,hpo_total_time_seconds,inference_latency_median_ms,inference_latency_p95_ms,peak_cpu_memory_mb,peak_gpu_memory_mb,serialized_model_size_mb,artifact_directory_size_mb,device
strawberry,with_quality_flags,persistence,False,completed,3.144145012e-06,9.916722775e-06,9.078383446,9.172958508,162.1445312,,0.002548217773,0.5533647537,"{""python"": ""3.11.15"", ""platform"": ""Linux-6.8.0-100-generic-x86_64-with-glibc2.39"", ""processor"": ""x86_64"", ""gpu_available"": true, ""gpu_name"": ""NVIDIA B200""}"
strawberry,with_quality_flags,linear_svr,False,completed,101.5696868,453.0263705,14.99893144,17.64603108,164.1523438,,0.010222435,1.519808769,"{""python"": ""3.11.15"", ""platform"": ""Linux-6.8.0-100-generic-x86_64-with-glibc2.39"", ""processor"": ""x86_64"", ""gpu_available"": true, ""gpu_name"": ""NVIDIA B200""}"
strawberry,with_quality_flags,knn,True,completed,0.06708635949,423.519152,42.16540605,43.47731769,300.2148438,,133.1060686,134.6152077,"{""python"": ""3.11.15"", ""platform"": ""Linux-6.8.0-100-generic-x86_64-with-glibc2.39"", ""processor"": ""x86_64"", ""gpu_available"": true, ""gpu_name"": ""NVIDIA B200""}"
strawberry,with_quality_flags,extra_trees,True,completed,10.6105603,2230.959861,93.76357123,94.13953573,444.1914062,,135.1042929,137.5735655,"{""python"": ""3.11.15"", ""platform"": ""Linux-6.8.0-100-generic-x86_64-with-glibc2.39"", ""processor"": ""x86_64"", ""gpu_available"": true, ""gpu_name"": ""NVIDIA B200""}"
strawberry,with_quality_flags,lightgbm,True,completed,0.6753885448,815.6687733,15.18147998,15.96186161,167.2734375,,0.4675235748,2.942976952,"{""python"": ""3.11.15"", ""platform"": ""Linux-6.8.0-100-generic-x86_64-with-glibc2.39"", ""processor"": ""x86_64"", ""gpu_available"": true, ""gpu_name"": ""NVIDIA B200""}"
strawberry,with_quality_flags,xgboost,False,completed,3.849390892,881.4877396,25.32192878,25.44134781,369.328125,,1.588255882,4.063863754,"{""python"": ""3.11.15"", ""platform"": ""Linux-6.8.0-100-generic-x86_64-with-glibc2.39"", ""processor"": ""x86_64"", ""gpu_available"": true, ""gpu_name"": ""NVIDIA B200""}"
strawberry,with_quality_flags,mlp,False,completed,29.28588475,964.3554419,15.67883976,16.52413346,165.9453125,,1.164886475,3.635741234,"{""python"": ""3.11.15"", ""platform"": ""Linux-6.8.0-100-generic-x86_64-with-glibc2.39"", ""processor"": ""x86_64"", ""gpu_available"": true, ""gpu_name"": ""NVIDIA B200""}"
melon,with_quality_flags,persistence,False,completed,4.855915904e-06,1.449137926e-05,9.209105745,9.629654139,162.1601562,,0.002548217773,0.2090539932,"{""python"": ""3.11.15"", ""platform"": ""Linux-6.8.0-100-generic-x86_64-with-glibc2.39"", ""processor"": ""x86_64"", ""gpu_available"": true, ""gpu_name"": ""NVIDIA B200""}"
melon,with_quality_flags,linear_regression,False,completed,0.08266205527,259.4269964,16.67954773,18.93453114,164.1132812,,0.01151180267,0.965968132,"{""python"": ""3.11.15"", ""platform"": ""Linux-6.8.0-100-generic-x86_64-with-glibc2.39"", ""processor"": ""x86_64"", ""gpu_available"": true, ""gpu_name"": ""NVIDIA B200""}"
melon,with_quality_flags,linear_svr,False,completed,5.795057124,360.175088,17.81373657,18.07495058,164.1445312,,0.01022148132,1.155423164,"{""python"": ""3.11.15"", ""platform"": ""Linux-6.8.0-100-generic-x86_64-with-glibc2.39"", ""processor"": ""x86_64"", ""gpu_available"": true, ""gpu_name"": ""NVIDIA B200""}"
melon,with_quality_flags,knn,True,completed,0.02819628455,382.9777886,24.72187579,24.95043576,210.3945312,,42.37655926,43.52041817,"{""python"": ""3.11.15"", ""platform"": ""Linux-6.8.0-100-generic-x86_64-with-glibc2.39"", ""processor"": ""x86_64"", ""gpu_available"": true, ""gpu_name"": ""NVIDIA B200""}"
melon,with_quality_flags,extra_trees,True,completed,0.9791800603,2191.853239,179.6314791,191.9892989,219.4375,,22.47825813,24.56799126,"{""python"": ""3.11.15"", ""platform"": ""Linux-6.8.0-100-generic-x86_64-with-glibc2.39"", ""processor"": ""x86_64"", ""gpu_available"": true, ""gpu_name"": ""NVIDIA B200""}"
melon,with_quality_flags,lightgbm,True,completed,0.5834599417,679.4158316,15.04248008,15.28235748,167.5703125,,0.634396553,2.728064537,"{""python"": ""3.11.15"", ""platform"": ""Linux-6.8.0-100-generic-x86_64-with-glibc2.39"", ""processor"": ""x86_64"", ""gpu_available"": true, ""gpu_name"": ""NVIDIA B200""}"
melon,with_quality_flags,xgboost,True,completed,1.381203704,726.6661451,26.12252347,27.05591731,366.0820312,,1.625857353,3.71969223,"{""python"": ""3.11.15"", ""platform"": ""Linux-6.8.0-100-generic-x86_64-with-glibc2.39"", ""processor"": ""x86_64"", ""gpu_available"": true, ""gpu_name"": ""NVIDIA B200""}"
melon,with_quality_flags,mlp,False,completed,11.02497942,784.7195416,15.29965363,16.34897254,166.4335938,,1.306394577,3.391680717,"{""python"": ""3.11.15"", ""platform"": ""Linux-6.8.0-100-generic-x86_64-with-glibc2.39"", ""processor"": ""x86_64"", ""gpu_available"": true, ""gpu_name"": ""NVIDIA B200""}"
cucumber,with_quality_flags,persistence,False,completed,3.12551856e-06,8.132308722e-06,10.08027792,10.83670184,162.1328125,,0.002548217773,0.1850481033,"{""python"": ""3.11.15"", ""platform"": ""Linux-6.8.0-100-generic-x86_64-with-glibc2.39"", ""processor"": ""x86_64"", ""gpu_available"": true, ""gpu_name"": ""NVIDIA B200""}"
cucumber,with_quality_flags,linear_regression,False,completed,0.05888952129,254.9081757,15.55142365,16.88878387,164.0703125,,0.01151180267,0.9523019791,"{""python"": ""3.11.15"", ""platform"": ""Linux-6.8.0-100-generic-x86_64-with-glibc2.39"", ""processor"": ""x86_64"", ""gpu_available"": true, ""gpu_name"": ""NVIDIA B200""}"
cucumber,with_quality_flags,linear_svr,False,completed,8.356737068,369.7513778,15.59561677,16.98486954,164.1054688,,0.010222435,1.142297745,"{""python"": ""3.11.15"", ""platform"": ""Linux-6.8.0-100-generic-x86_64-with-glibc2.39"", ""processor"": ""x86_64"", ""gpu_available"": true, ""gpu_name"": ""NVIDIA B200""}"
cucumber,with_quality_flags,knn,True,completed,0.02027749829,349.9536271,21.83480002,22.21260667,200.9101562,,32.6646452,33.79649067,"{""python"": ""3.11.15"", ""platform"": ""Linux-6.8.0-100-generic-x86_64-with-glibc2.39"", ""processor"": ""x86_64"", ""gpu_available"": true, ""gpu_name"": ""NVIDIA B200""}"
cucumber,with_quality_flags,extra_trees,True,completed,0.7333266065,2376.995749,213.6119939,227.0669792,209.9335938,,17.28031731,19.36900139,"{""python"": ""3.11.15"", ""platform"": ""Linux-6.8.0-100-generic-x86_64-with-glibc2.39"", ""processor"": ""x86_64"", ""gpu_available"": true, ""gpu_name"": ""NVIDIA B200""}"
cucumber,with_quality_flags,lightgbm,True,completed,0.4609240517,655.1749271,15.77838697,17.59872288,167.4414062,,0.6004085541,2.694013596,"{""python"": ""3.11.15"", ""platform"": ""Linux-6.8.0-100-generic-x86_64-with-glibc2.39"", ""processor"": ""x86_64"", ""gpu_available"": true, ""gpu_name"": ""NVIDIA B200""}"
cucumber,with_quality_flags,xgboost,True,completed,1.385006316,710.6997437,26.07525513,26.90238953,363.2929688,,1.17786026,3.271056175,"{""python"": ""3.11.15"", ""platform"": ""Linux-6.8.0-100-generic-x86_64-with-glibc2.39"", ""processor"": ""x86_64"", ""gpu_available"": true, ""gpu_name"": ""NVIDIA B200""}"
cucumber,with_quality_flags,mlp,True,completed,7.445217611,850.4833474,15.19172266,15.81733823,165.2109375,,0.8563175201,2.94315815,"{""python"": ""3.11.15"", ""platform"": ""Linux-6.8.0-100-generic-x86_64-with-glibc2.39"", ""processor"": ""x86_64"", ""gpu_available"": true, ""gpu_name"": ""NVIDIA B200""}"
strawberry,without_quality_flags,persistence,False,completed,4.148110747e-06,9.736046195e-06,8.858963847,10.51838137,162.140625,,0.002489089966,0.5529651642,"{""python"": ""3.11.15"", ""platform"": ""Linux-6.8.0-100-generic-x86_64-with-glibc2.39"", ""processor"": ""x86_64"", ""gpu_available"": true, ""gpu_name"": ""NVIDIA B200""}"
strawberry,without_quality_flags,linear_svr,False,completed,140.1098536,462.3384384,15.19124024,16.62726887,164.0664062,,0.0099401474,1.519477844,"{""python"": ""3.11.15"", ""platform"": ""Linux-6.8.0-100-generic-x86_64-with-glibc2.39"", ""processor"": ""x86_64"", ""gpu_available"": true, ""gpu_name"": ""NVIDIA B200""}"
strawberry,without_quality_flags,knn,True,completed,0.05618257448,427.7274877,36.86603718,37.76145652,296.1289062,,128.9465456,130.4551888,"{""python"": ""3.11.15"", ""platform"": ""Linux-6.8.0-100-generic-x86_64-with-glibc2.39"", ""processor"": ""x86_64"", ""gpu_available"": true, ""gpu_name"": ""NVIDIA B200""}"
strawberry,without_quality_flags,extra_trees,True,completed,20.86275402,2080.996295,163.3099448,189.1843427,1416.496094,,621.8924284,624.3604555,"{""python"": ""3.11.15"", ""platform"": ""Linux-6.8.0-100-generic-x86_64-with-glibc2.39"", ""processor"": ""x86_64"", ""gpu_available"": true, ""gpu_name"": ""NVIDIA B200""}"
strawberry,without_quality_flags,lightgbm,True,completed,0.8791553322,855.6068775,17.03549363,18.94621626,167.0859375,,0.4445991516,2.920063972,"{""python"": ""3.11.15"", ""platform"": ""Linux-6.8.0-100-generic-x86_64-with-glibc2.39"", ""processor"": ""x86_64"", ""gpu_available"": true, ""gpu_name"": ""NVIDIA B200""}"
strawberry,without_quality_flags,xgboost,True,completed,2.044507554,904.9277491,25.6030485,29.8067078,363.5039062,,0.8198013306,3.294897079,"{""python"": ""3.11.15"", ""platform"": ""Linux-6.8.0-100-generic-x86_64-with-glibc2.39"", ""processor"": ""x86_64"", ""gpu_available"": true, ""gpu_name"": ""NVIDIA B200""}"
strawberry,without_quality_flags,mlp,False,completed,10.30166489,906.279358,16.09885134,18.33503917,164.515625,,0.3065576553,2.777373314,"{""python"": ""3.11.15"", ""platform"": ""Linux-6.8.0-100-generic-x86_64-with-glibc2.39"", ""processor"": ""x86_64"", ""gpu_available"": true, ""gpu_name"": ""NVIDIA B200""}"
melon,without_quality_flags,persistence,False,completed,3.185123205e-06,8.074566722e-06,8.986063302,9.352941811,162.1289062,,0.002489089966,0.2086553574,"{""python"": ""3.11.15"", ""platform"": ""Linux-6.8.0-100-generic-x86_64-with-glibc2.39"", ""processor"": ""x86_64"", ""gpu_available"": true, ""gpu_name"": ""NVIDIA B200""}"
melon,without_quality_flags,linear_regression,False,completed,0.07600493543,258.6964778,15.98217525,18.01439039,164.0585938,,0.01118373871,0.9653091431,"{""python"": ""3.11.15"", ""platform"": ""Linux-6.8.0-100-generic-x86_64-with-glibc2.39"", ""processor"": ""x86_64"", ""gpu_available"": true, ""gpu_name"": ""NVIDIA B200""}"
melon,without_quality_flags,linear_svr,False,completed,2.958802905,361.5011977,14.86977562,15.09198174,164.0859375,,0.009939193726,1.15476799,"{""python"": ""3.11.15"", ""platform"": ""Linux-6.8.0-100-generic-x86_64-with-glibc2.39"", ""processor"": ""x86_64"", ""gpu_available"": true, ""gpu_name"": ""NVIDIA B200""}"
melon,without_quality_flags,knn,True,completed,0.02688098513,358.1864427,26.25749633,26.69606321,209.0820312,,41.05233288,42.19587135,"{""python"": ""3.11.15"", ""platform"": ""Linux-6.8.0-100-generic-x86_64-with-glibc2.39"", ""processor"": ""x86_64"", ""gpu_available"": true, ""gpu_name"": ""NVIDIA B200""}"
melon,without_quality_flags,extra_trees,True,completed,2.304179944,2513.321649,168.7698774,183.8994436,225.140625,,25.03548336,27.12489605,"{""python"": ""3.11.15"", ""platform"": ""Linux-6.8.0-100-generic-x86_64-with-glibc2.39"", ""processor"": ""x86_64"", ""gpu_available"": true, ""gpu_name"": ""NVIDIA B200""}"
melon,without_quality_flags,lightgbm,True,completed,0.4340012744,667.2088044,18.28176528,20.35215348,167.265625,,0.454574585,2.54785347,"{""python"": ""3.11.15"", ""platform"": ""Linux-6.8.0-100-generic-x86_64-with-glibc2.39"", ""processor"": ""x86_64"", ""gpu_available"": true, ""gpu_name"": ""NVIDIA B200""}"
melon,without_quality_flags,xgboost,True,completed,0.8342395779,716.366636,24.49397556,24.64879975,360.9257812,,0.5717849731,2.665288925,"{""python"": ""3.11.15"", ""platform"": ""Linux-6.8.0-100-generic-x86_64-with-glibc2.39"", ""processor"": ""x86_64"", ""gpu_available"": true, ""gpu_name"": ""NVIDIA B200""}"
melon,without_quality_flags,mlp,False,completed,13.94868816,757.4953298,16.9258751,17.46246368,167.5742188,,1.822306633,3.907520294,"{""python"": ""3.11.15"", ""platform"": ""Linux-6.8.0-100-generic-x86_64-with-glibc2.39"", ""processor"": ""x86_64"", ""gpu_available"": true, ""gpu_name"": ""NVIDIA B200""}"
cucumber,without_quality_flags,persistence,False,completed,4.397705197e-06,1.168809831e-05,8.998747915,11.25302389,162.1679688,,0.002489089966,0.1846513748,"{""python"": ""3.11.15"", ""platform"": ""Linux-6.8.0-100-generic-x86_64-with-glibc2.39"", ""processor"": ""x86_64"", ""gpu_available"": true, ""gpu_name"": ""NVIDIA B200""}"
cucumber,without_quality_flags,linear_regression,True,completed,0.05698627234,253.1534056,15.49540088,15.83142169,164.1367188,,0.01121711731,0.9517030716,"{""python"": ""3.11.15"", ""platform"": ""Linux-6.8.0-100-generic-x86_64-with-glibc2.39"", ""processor"": ""x86_64"", ""gpu_available"": true, ""gpu_name"": ""NVIDIA B200""}"
cucumber,without_quality_flags,linear_svr,True,completed,8.303903999,372.1084642,15.450757,15.83442017,164.0898438,,0.009993553162,1.141479492,"{""python"": ""3.11.15"", ""platform"": ""Linux-6.8.0-100-generic-x86_64-with-glibc2.39"", ""processor"": ""x86_64"", ""gpu_available"": true, ""gpu_name"": ""NVIDIA B200""}"
cucumber,without_quality_flags,knn,True,completed,0.01621236652,349.6733275,20.99917829,21.33317888,199.8632812,,31.64391613,32.77538967,"{""python"": ""3.11.15"", ""platform"": ""Linux-6.8.0-100-generic-x86_64-with-glibc2.39"", ""processor"": ""x86_64"", ""gpu_available"": true, ""gpu_name"": ""NVIDIA B200""}"
cucumber,without_quality_flags,extra_trees,True,completed,0.7983955871,2419.6294,193.5474798,235.0001588,209.9921875,,17.47883034,19.56725311,"{""python"": ""3.11.15"", ""platform"": ""Linux-6.8.0-100-generic-x86_64-with-glibc2.39"", ""processor"": ""x86_64"", ""gpu_available"": true, ""gpu_name"": ""NVIDIA B200""}"
cucumber,without_quality_flags,lightgbm,True,completed,0.3944981955,653.7410424,15.15023597,16.55399613,167.4921875,,0.6001558304,2.693422318,"{""python"": ""3.11.15"", ""platform"": ""Linux-6.8.0-100-generic-x86_64-with-glibc2.39"", ""processor"": ""x86_64"", ""gpu_available"": true, ""gpu_name"": ""NVIDIA B200""}"
cucumber,without_quality_flags,xgboost,True,completed,0.4414384309,697.694271,24.85246398,49.43074621,359.6914062,,0.413110733,2.505990982,"{""python"": ""3.11.15"", ""platform"": ""Linux-6.8.0-100-generic-x86_64-with-glibc2.39"", ""processor"": ""x86_64"", ""gpu_available"": true, ""gpu_name"": ""NVIDIA B200""}"
cucumber,without_quality_flags,mlp,True,completed,15.66387513,1155.346061,15.25708288,15.70503935,166.4414062,,1.290131569,3.376081467,"{""python"": ""3.11.15"", ""platform"": ""Linux-6.8.0-100-generic-x86_64-with-glibc2.39"", ""processor"": ""x86_64"", ""gpu_available"": true, ""gpu_name"": ""NVIDIA B200""}"
